"C:/Project_T/Project_T.uproject" 1
"../../../Engine/Plugins/BlueprintFileUtils/BlueprintFileUtils.uplugin" 2
"../../../Engine/Plugins/Bridge/Bridge.uplugin" 3
"../../../Engine/Plugins/AudioGameplay/AudioGameplay.uplugin" 4
"../../../Engine/Plugins/AudioGameplayVolume/AudioGameplayVolume.uplugin" 5
"../../../Engine/Plugins/ScriptPlugin/ScriptPlugin.uplugin" 6
"../../../Engine/Plugins/FastBuildController/FastBuildController.uplugin" 7
"../../../Engine/Plugins/XGEController/XGEController.uplugin" 8
"../../../Engine/Plugins/RenderGraphInsights/RenderGraphInsights.uplugin" 9
"../../../Engine/Plugins/JsonBlueprintUtilities/JsonBlueprintUtilities.uplugin" 10
"../../../Engine/Plugins/Editor/AssetReferenceRestrictions/AssetReferenceRestrictions.uplugin" 11
"../../../Engine/Plugins/LightWeightInstancesEditor/LightWeightInstancesEditor.uplugin" 12
"../../../Engine/Plugins/2D/Paper2D/Paper2D.uplugin" 13
"../../../Engine/Plugins/Editor/DataValidation/DataValidation.uplugin" 14
"../../../Engine/Plugins/Editor/AssetManagerEditor/AssetManagerEditor.uplugin" 15
"../../../Engine/Plugins/MeshPainting/MeshPainting.uplugin" 16
"../../../Engine/Plugins/TraceUtilities/TraceUtilities.uplugin" 17
"../../../Engine/Plugins/Editor/CryptoKeys/CryptoKeys.uplugin" 18
"../../../Engine/Plugins/EnhancedInput/EnhancedInput.uplugin" 19
"../../../Engine/Plugins/Editor/BlueprintHeaderView/BlueprintHeaderView.uplugin" 20
"../../../Engine/Plugins/Editor/BlueprintMaterialTextureNodes/BlueprintMaterialTextureNodes.uplugin" 21
"../../../Engine/Plugins/Editor/DisplayClusterLaunch/DisplayClusterLaunch.uplugin" 22
"../../../Engine/Plugins/Editor/AssetRegistryExport/AssetRegistryExport.uplugin" 23
"../../../Engine/Plugins/Editor/CurveEditorTools/CurveEditorTools.uplugin" 24
"../../../Engine/Plugins/Editor/FacialAnimation/FacialAnimation.uplugin" 25
"../../../Engine/Plugins/Editor/MaterialAnalyzer/MaterialAnalyzer.uplugin" 26
"../../../Engine/Plugins/Editor/PluginBrowser/PluginBrowser.uplugin" 27
"../../../Engine/Plugins/Editor/ConsoleVariablesEditor/ConsoleVariables.uplugin" 28
"../../../Engine/Plugins/Editor/MobileLauncherProfileWizard/MobileLauncherProfileWizard.uplugin" 29
"../../../Engine/Plugins/Editor/EditorDebugTools/EditorDebugTools.uplugin" 30
"../../../Engine/Plugins/Editor/MakeCookedEditorAsDLC/MakeCookedEditorAsDLC.uplugin" 31
"../../../Engine/Plugins/Editor/ModelingToolsEditorMode/ModelingToolsEditorMode.uplugin" 32
"../../../Engine/Plugins/Editor/AssetSearch/AssetSearch.uplugin" 33
"../../../Engine/Plugins/Editor/SequencerAnimTools/SequencerAnimTools.uplugin" 34
"../../../Engine/Plugins/Editor/GLTFImporter/GLTFImporter.uplugin" 35
"../../../Engine/Plugins/Editor/GameplayTagsEditor/GameplayTagsEditor.uplugin" 36
"../../../Engine/Plugins/Marketplace/FabLauncher/FabLauncher.uplugin" 37
"../../../Engine/Plugins/Animation/AnimationLocomotionLibrary/AnimationLocomotionLibrary.uplugin" 38
"../../../Engine/Plugins/Editor/WorldPartitionHLODUtilities/WorldPartitionHLODUtilities.uplugin" 39
"../../../Engine/Plugins/Animation/LiveLink/LiveLink.uplugin" 40
"../../../Engine/Plugins/Editor/MacGraphicsSwitching/MacGraphicsSwitching.uplugin" 41
"../../../Engine/Plugins/Animation/ControlRig/ControlRig.uplugin" 42
"../../../Engine/Plugins/Animation/AnimationWarping/AnimationWarping.uplugin" 43
"../../../Engine/Plugins/Portal/LauncherChunkInstaller/LauncherChunkInstaller.uplugin" 44
"../../../Engine/Plugins/Editor/GuidedTutorials/GuidedTutorials.uplugin" 45
"../../../Engine/Plugins/Animation/GameplayInsights/GameplayInsights.uplugin" 46
"../../../Engine/Plugins/Editor/GeometryMode/GeometryMode.uplugin" 47
"../../../Engine/Plugins/Editor/SpeedTreeImporter/SpeedTreeImporter.uplugin" 48
"../../../Engine/Plugins/Editor/StylusInput/StylusInput.uplugin" 49
"../../../Engine/Plugins/Animation/LiveLinkCurveDebugUI/LiveLinkCurveDebugUI.uplugin" 50
"../../../Engine/Plugins/Animation/AnimationModifierLibrary/AnimationModifierLibrary.uplugin" 51
"../../../Engine/Plugins/Importers/AlembicImporter/AlembicImporter.uplugin" 52
"../../../Engine/Plugins/Editor/EditorScriptingUtilities/EditorScriptingUtilities.uplugin" 53
"../../../Engine/Plugins/Importers/USDMultiUser/USDMultiUser.uplugin" 54
"../../../Engine/Plugins/Animation/BlendSpaceMotionAnalysis/BlendSpaceMotionAnalysis.uplugin" 55
"../../../Engine/Plugins/Animation/DeformerGraph/DeformerGraph.uplugin" 56
"../../../Engine/Plugins/Importers/AlembicHairImporter/AlembicHairImporter.uplugin" 57
"../../../Engine/Plugins/Importers/USDImporter/USDImporter.uplugin" 58
"../../../Engine/Plugins/Runtime/ActorLayerUtilities/ActorLayerUtilities.uplugin" 59
"../../../Engine/Plugins/Animation/RigLogic/RigLogic.uplugin" 60
"../../../Engine/Plugins/Animation/MotionWarping/MotionWarping.uplugin" 61
"../../../Engine/Plugins/Animation/IKRig/IKRig.uplugin" 62
"../../../Engine/Plugins/Runtime/AndroidPermission/AndroidPermission.uplugin" 63
"../../../Engine/Plugins/Animation/AnimToTexture/AnimToTexture.uplugin" 64
"../../../Engine/Plugins/Animation/ControlRigSpline/ControlRigSpline.uplugin" 65
"../../../Engine/Plugins/Web/HttpBlueprint/HttpBlueprint.uplugin" 66
"../../../Engine/Plugins/Editor/WaveformEditor/WaveformEditor.uplugin" 67
"../../../Engine/Plugins/Runtime/ApexDestruction/ApexDestruction.uplugin" 68
"../../../Engine/Plugins/Runtime/AndroidBackgroundService/AndroidBackgroundService.uplugin" 69
"../../../Engine/Plugins/Runtime/AudioMotorSim/AudioMotorSim.uplugin" 70
"../../../Engine/Plugins/Runtime/AudioCapture/AudioCapture.uplugin" 71
"../../../Engine/Plugins/Runtime/AudioWidgets/AudioWidgets.uplugin" 72
"../../../Engine/Plugins/Runtime/AndroidFileServer/AndroidFileServer.uplugin" 73
"../../../Engine/Plugins/Runtime/AudioModulation/AudioModulation.uplugin" 74
"../../../Engine/Plugins/Runtime/ChunkDownloader/ChunkDownloader.uplugin" 75
"../../../Engine/Plugins/Runtime/AndroidMoviePlayer/AndroidMoviePlayer.uplugin" 76
"../../../Engine/Plugins/Runtime/ComputeFramework/ComputeFramework.uplugin" 77
"../../../Engine/Plugins/Runtime/AnimationBudgetAllocator/AnimationBudgetAllocator.uplugin" 78
"../../../Engine/Plugins/Runtime/AssetTags/AssetTags.uplugin" 79
"../../../Engine/Plugins/Runtime/ExampleDeviceProfileSelector/ExampleDeviceProfileSelector.uplugin" 80
"../../../Engine/Plugins/Runtime/AppleImageUtils/AppleImageUtils.uplugin" 81
"../../../Engine/Plugins/Runtime/ArchVisCharacter/ArchVisCharacter.uplugin" 82
"../../../Engine/Plugins/Runtime/AndroidDeviceProfileSelector/AndroidDeviceProfileSelector.uplugin" 83
"../../../Engine/Plugins/Runtime/Firebase/Firebase.uplugin" 84
"../../../Engine/Plugins/Runtime/AppleMoviePlayer/AppleMoviePlayer.uplugin" 85
"../../../Engine/Plugins/Runtime/GameplayInteractions/GameplayInteractions.uplugin" 86
"../../../Engine/Plugins/Runtime/CustomMeshComponent/CustomMeshComponent.uplugin" 87
"../../../Engine/Plugins/Runtime/GeoReferencing/GeoReferencing.uplugin" 88
"../../../Engine/Plugins/Runtime/GameplayStateTree/GameplayStateTree.uplugin" 89
"../../../Engine/Plugins/Runtime/GeometryProcessing/GeometryProcessing.uplugin" 90
"../../../Engine/Plugins/Runtime/AudioSynesthesia/AudioSynesthesia.uplugin" 91
"../../../Engine/Plugins/Runtime/HairStrands/HairStrands.uplugin" 92
"../../../Engine/Plugins/Runtime/CableComponent/CableComponent.uplugin" 93
"../../../Engine/Plugins/Runtime/GameplayAbilities/GameplayAbilities.uplugin" 94
"../../../Engine/Plugins/Runtime/GoogleCloudMessaging/GoogleCloudMessaging.uplugin" 95
"../../../Engine/Plugins/Runtime/IOSDeviceProfileSelector/IOSDeviceProfileSelector.uplugin" 96
"../../../Engine/Plugins/Runtime/HDRIBackdrop/HDRIBackdrop.uplugin" 97
"../../../Engine/Plugins/Runtime/GeometryCache/GeometryCache.uplugin" 98
"../../../Engine/Plugins/Runtime/GameplayBehaviorSmartObjects/GameplayBehaviorSmartObjects.uplugin" 99
"../../../Engine/Plugins/Runtime/LocationServicesAndroidImpl/LocationServicesAndroidImpl.uplugin" 100
"../../../Engine/Plugins/Runtime/DataRegistry/DataRegistry.uplugin" 101
"../../../Engine/Plugins/Runtime/HPMotionController/HPMotionController.uplugin" 102
"../../../Engine/Plugins/Runtime/HTTPChunkInstaller/HTTPChunkInstaller.uplugin" 103
"../../../Engine/Plugins/Runtime/LiveLinkOvernDisplay/LiveLinkOverNDisplay.uplugin" 104
"../../../Engine/Plugins/Runtime/MassGameplay/MassGameplay.uplugin" 105
"../../../Engine/Plugins/Runtime/InputDebugging/InputDebugging.uplugin" 106
"../../../Engine/Plugins/Runtime/GooglePAD/GooglePAD.uplugin" 107
"../../../Engine/Plugins/Runtime/MassEntity/MassEntity.uplugin" 108
"../../../Engine/Plugins/Runtime/MeshModelingToolset/MeshModelingToolset.uplugin" 109
"../../../Engine/Plugins/Runtime/LinuxDeviceProfileSelector/LinuxDeviceProfileSelector.uplugin" 110
"../../../Engine/Plugins/Runtime/LocationServicesIOSImpl/LocationServicesIOSImpl.uplugin" 111
"../../../Engine/Plugins/Runtime/MobileFSR/MobileFSR.uplugin" 112
"../../../Engine/Plugins/Runtime/MixedRealityCaptureFramework/MixedRealityCaptureFramework.uplugin" 113
"../../../Engine/Plugins/Runtime/MIDIDevice/MIDIDevice.uplugin" 114
"../../../Engine/Plugins/Runtime/NetworkPrediction/NetworkPrediction.uplugin" 115
"../../../Engine/Plugins/Runtime/Metasound/Metasound.uplugin" 116
"../../../Engine/Plugins/Runtime/MicrosoftSpatialAudio/MicroSoftSpatialSound.uplugin" 117
"../../../Engine/Plugins/Runtime/MobilePatchingUtils/MobilePatchingUtils.uplugin" 118
"../../../Engine/Plugins/Runtime/NetworkPredictionExtras/NetworkPredictionExtras.uplugin" 119
"../../../Engine/Plugins/Runtime/ModelViewViewModel/ModelViewViewModel.uplugin" 120
"../../../Engine/Plugins/Runtime/IOSReplayKit/IOSReplayKit.uplugin" 121
"../../../Engine/Plugins/Runtime/OpenCV/OpenCV.uplugin" 122
"../../../Engine/Plugins/Runtime/OpenXRMsftHandInteraction/OpenXRMsftHandInteraction.uplugin" 123
"../../../Engine/Plugins/Runtime/LocationServicesBPLibrary/LocationServicesBPLibrary.uplugin" 124
"../../../Engine/Plugins/Runtime/NavCorridor/NavCorridor.uplugin" 125
"../../../Engine/Plugins/Runtime/nDisplay/nDisplay.uplugin" 126
"../../../Engine/Plugins/Runtime/OptionalMobileFeaturesBPLibrary/OptionalMobileFeaturesBPLibrary.uplugin" 127
"../../../Engine/Plugins/Runtime/NetworkPredictionInsights/NetworkPredictionInsights.uplugin" 128
"../../../Engine/Plugins/Runtime/nDisplayModularFeatures/nDisplayModularFeatures.uplugin" 129
"../../../Engine/Plugins/Runtime/OpenXREyeTracker/OpenXREyeTracker.uplugin" 130
"../../../Engine/Plugins/Runtime/OpenXR/OpenXR.uplugin" 131
"../../../Engine/Plugins/Runtime/OpenXRHandTracking/OpenXRHandTracking.uplugin" 132
"../../../Engine/Plugins/Runtime/PreLoadScreenMoviePlayer/PreLoadScreenMoviePlayer.uplugin" 133
"../../../Engine/Plugins/Runtime/ReplicationSystemTestPlugin/ReplicationSystemTestPlugin.uplugin" 134
"../../../Engine/Plugins/Runtime/PropertyAccess/PropertyAccessEditor.uplugin" 135
"../../../Engine/Plugins/Runtime/RenderTrace/RenderTrace.uplugin" 136
"../../../Engine/Plugins/Runtime/OSCModulationMixing/OSCModulationMixing.uplugin" 137
"../../../Engine/Plugins/Runtime/SoundCueTemplates/SoundCueTemplates.uplugin" 138
"../../../Engine/Plugins/Runtime/OSC/OSC.uplugin" 139
"../../../Engine/Plugins/Runtime/ResonanceAudio/ResonanceAudio.uplugin" 140
"../../../Engine/Plugins/Runtime/SkeletalMerging/SkeletalMerging.uplugin" 141
"../../../Engine/Plugins/Runtime/ProceduralMeshComponent/ProceduralMeshComponent.uplugin" 142
"../../../Engine/Plugins/Runtime/SoundMod/SoundMod.uplugin" 143
"../../../Engine/Plugins/Runtime/SoundFields/SoundFields.uplugin" 144
"../../../Engine/Plugins/Runtime/SignificanceManager/SignificanceManager.uplugin" 145
"../../../Engine/Plugins/Runtime/ReplicationGraph/ReplicationGraph.uplugin" 146
"../../../Engine/Plugins/Runtime/Spatialization/Spatialization.uplugin" 147
"../../../Engine/Plugins/Runtime/SmartObjects/SmartObjects.uplugin" 148
"../../../Engine/Plugins/Runtime/Synthesis/Synthesis.uplugin" 149
"../../../Engine/Plugins/Runtime/WebBrowserNativeProxy/WebBrowserNativeProxy.uplugin" 150
"../../../Engine/Plugins/Runtime/Soundscape/Soundscape.uplugin" 151
"../../../Engine/Plugins/Runtime/StateTree/StateTree.uplugin" 152
"../../../Engine/Plugins/Runtime/WebMMoviePlayer/WebMMoviePlayer.uplugin" 153
"../../../Engine/Plugins/Runtime/SoundUtilities/SoundUtilities.uplugin" 154
"../../../Engine/Plugins/Runtime/SunPosition/SunPosition.uplugin" 155
"../../../Engine/Plugins/Runtime/WindowsMoviePlayer/WindowsMoviePlayer.uplugin" 156
"../../../Engine/Plugins/Runtime/ZoneGraph/ZoneGraph.uplugin" 157
"../../../Engine/Plugins/Runtime/WarpUtils/WarpUtils.uplugin" 158
"../../../Engine/Plugins/Runtime/WindowsDeviceProfileSelector/WindowsDeviceProfileSelector.uplugin" 159
"../../../Engine/Plugins/Interchange/Editor/InterchangeEditor.uplugin" 160
"../../../Engine/Plugins/Runtime/ZoneGraphAnnotations/ZoneGraphAnnotations.uplugin" 161
"../../../Engine/Plugins/Interchange/Runtime/Interchange.uplugin" 162
"../../../Engine/Plugins/Runtime/WebBrowserWidget/WebBrowserWidget.uplugin" 163
"../../../Engine/Plugins/Cameras/GameplayCameras/GameplayCameras.uplugin" 164
"../../../Engine/Plugins/FX/CascadeToNiagaraConverter/CascadeToNiagaraConverter.uplugin" 165
"../../../Engine/Plugins/FX/NiagaraFluids/NiagaraFluids.uplugin" 166
"../../../Engine/Plugins/NetcodeUnitTest/NUTUnrealEngine/NUTUnrealEngine.uplugin" 167
"../../../Engine/Plugins/FX/Niagara/Niagara.uplugin" 168
"../../../Engine/Plugins/Tests/AutomationDriverTests/AutomationDriverTests.uplugin" 169
"../../../Engine/Plugins/FX/ExampleCustomDataInterface/ExampleCustomDataInterface.uplugin" 170
"../../../Engine/Plugins/Tests/PythonAutomationTest/PythonAutomationTest.uplugin" 171
"../../../Engine/Plugins/NetcodeUnitTest/NetcodeUnitTest/NetcodeUnitTest.uplugin" 172
"../../../Engine/Plugins/Tests/RuntimeTests/RuntimeTests.uplugin" 173
"../../../Engine/Plugins/Tests/FunctionalTestingEditor/FunctionalTestingEditor.uplugin" 174
"../../../Engine/Plugins/FX/NiagaraSimCaching/NiagaraSimCaching.uplugin" 175
"../../../Engine/Plugins/Performance/PerformanceMonitor/PerformanceMonitor.uplugin" 176
"../../../Engine/Plugins/Tests/InterchangeTests/InterchangeTests.uplugin" 177
"../../../Engine/Plugins/Tests/EditorTests/EditorTests.uplugin" 178
"../../../Engine/Plugins/Tests/FbxAutomationTestBuilder/FbxAutomationTestBuilder.uplugin" 179
"../../../Engine/Plugins/Compositing/LensDistortion/LensDistortion.uplugin" 180
"../../../Engine/Plugins/Cameras/CameraShakePreviewer/CameraShakePreviewer.uplugin" 181
"../../../Engine/Plugins/Compositing/Composure/Composure.uplugin" 182
"../../../Engine/Plugins/Tests/TestSamples/TestSamples.uplugin" 183
"../../../Engine/Plugins/Tests/RHITests/RHITests.uplugin" 184
"../../../Engine/Plugins/Compositing/OpenColorIO/OpenColorIO.uplugin" 185
"../../../Engine/Plugins/Online/OnlineServices/OnlineServices.uplugin" 186
"../../../Engine/Plugins/Runtime/WaveTable/WaveTable.uplugin" 187
"../../../Engine/Plugins/Online/OnlineServicesNull/OnlineServicesNull.uplugin" 188
"../../../Engine/Plugins/Online/OnlineBase/OnlineBase.uplugin" 189
"../../../Engine/Plugins/Online/EOSShared/EOSShared.uplugin" 190
"../../../Engine/Plugins/Online/OnlineServicesEOS/OnlineServicesEOS.uplugin" 191
"../../../Engine/Plugins/Online/OnlineSubsystem/OnlineSubsystem.uplugin" 192
"../../../Engine/Plugins/Compositing/OpenCVLensDistortion/OpenCVLensDistortion.uplugin" 193
"../../../Engine/Plugins/Online/OnlineServicesEOSGS/OnlineServicesEOSGS.uplugin" 194
"../../../Engine/Plugins/Online/OnlineFramework/OnlineFramework.uplugin" 195
"../../../Engine/Plugins/Online/OnlineSubsystemEOS/OnlineSubsystemEOS.uplugin" 196
"../../../Engine/Plugins/Online/OnlineSubsystemTencent/OnlineSubsystemTencent.uplugin" 197
"../../../Engine/Plugins/Online/OnlineSubsystemGoogle/OnlineSubsystemGoogle.uplugin" 198
"../../../Engine/Plugins/Online/OnlineSubsystemOculus/OnlineSubsystemOculus.uplugin" 199
"../../../Engine/Plugins/Online/OnlineSubsystemApple/OnlineSubsystemApple.uplugin" 200
"../../../Engine/Plugins/Online/OnlineSubsystemFacebook/OnlineSubsystemFacebook.uplugin" 201
"../../../Engine/Plugins/Online/OnlineSubsystemAmazon/OnlineSubsystemAmazon.uplugin" 202
"../../../Engine/Plugins/Online/OnlineServicesOSSAdapter/OnlineServicesOSSAdapter.uplugin" 203
"../../../Engine/Plugins/Online/OnlineSubsystemUtils/OnlineSubsystemUtils.uplugin" 204
"../../../Engine/Plugins/Online/WebAuth/WebAuth.uplugin" 205
"../../../Engine/Plugins/Online/SocketSubsystemEOS/SocketSubsystemEOS.uplugin" 206
"../../../Engine/Plugins/Online/OnlineSubsystemNull/OnlineSubsystemNull.uplugin" 207
"../../../Engine/Plugins/Developer/AnimationSharing/AnimationSharing.uplugin" 208
"../../../Engine/Plugins/Online/OnlineSubsystemSteam/OnlineSubsystemSteam.uplugin" 209
"../../../Engine/Plugins/Developer/BlankPlugin/BlankPlugin.uplugin" 210
"../../../Engine/Plugins/Compression/OodleNetwork/OodleNetwork.uplugin" 211
"../../../Engine/Plugins/Developer/CodeLiteSourceCodeAccess/CodeLiteSourceCodeAccess.uplugin" 212
"../../../Engine/Plugins/Developer/DumpGPUServices/DumpGPUServices.uplugin" 213
"../../../Engine/Plugins/Developer/GitSourceControl/GitSourceControl.uplugin" 214
"../../../Engine/Plugins/Developer/RenderDocPlugin/RenderDocPlugin.uplugin" 215
"../../../Engine/Plugins/Developer/CLionSourceCodeAccess/CLionSourceCodeAccess.uplugin" 216
"../../../Engine/Plugins/Developer/PropertyAccessNode/PropertyAccessNode.uplugin" 217
"../../../Engine/Plugins/Developer/PlasticSourceControl/PlasticSourceControl.uplugin" 218
"../../../Engine/Plugins/Developer/TraceDataFiltering/TraceDataFilters.uplugin" 219
"../../../Engine/Plugins/Developer/TextureFormatOodle/TextureFormatOodle.uplugin" 220
"../../../Engine/Plugins/Developer/RiderSourceCodeAccess/RiderSourceCodeAccess.uplugin" 221
"../../../Engine/Plugins/Developer/TraceSourceFiltering/TraceSourceFilters.uplugin" 222
"../../../Engine/Plugins/Developer/OneSkyLocalizationService/OneSkyLocalizationService.uplugin" 223
"../../../Engine/Plugins/Developer/VisualStudioCodeSourceCodeAccess/VisualStudioCodeSourceCodeAccess.uplugin" 224
"../../../Engine/Plugins/Developer/SubversionSourceControl/SubversionSourceControl.uplugin" 225
"../../../Engine/Plugins/Developer/PluginUtils/PluginUtils.uplugin" 226
"../../../Engine/Plugins/Developer/VisualStudioSourceCodeAccess/VisualStudioSourceCodeAccess.uplugin" 227
"../../../Engine/Plugins/Developer/NullSourceCodeAccess/NullSourceCodeAccess.uplugin" 228
"../../../Engine/Plugins/Developer/XCodeSourceCodeAccess/XCodeSourceCodeAccess.uplugin" 229
"../../../Engine/Plugins/VirtualProduction/DataCharts/DataCharts.uplugin" 230
"../../../Engine/Plugins/Developer/XcodeGPUDebuggerPlugin/XcodeGPUDebuggerPlugin.uplugin" 231
"../../../Engine/Plugins/Developer/UObjectPlugin/UObjectPlugin.uplugin" 232
"../../../Engine/Plugins/VirtualProduction/CompositePlane/CompositePlane.uplugin" 233
"../../../Engine/Plugins/Developer/PixWinPlugin/PixWinPlugin.uplugin" 234
"../../../Engine/Plugins/VirtualProduction/EpicStageApp/EpicStageApp.uplugin" 235
"../../../Engine/Plugins/VirtualProduction/LevelSnapshots/LevelSnapshots.uplugin" 236
"../../../Engine/Plugins/VirtualProduction/LiveLinkFreeD/LiveLinkFreeD.uplugin" 237
"../../../Engine/Plugins/VirtualProduction/CameraCalibration/CameraCalibration.uplugin" 238
"../../../Engine/Plugins/VirtualProduction/ICVFX/ICVFX.uplugin" 239
"../../../Engine/Plugins/VirtualProduction/LiveLinkLens/LiveLinkLens.uplugin" 240
"../../../Engine/Plugins/VirtualProduction/LiveLinkMasterLockit/LiveLinkMasterLockit.uplugin" 241
"../../../Engine/Plugins/VirtualProduction/LiveLinkPrestonMDR/LiveLinkPrestonMDR.uplugin" 242
"../../../Engine/Plugins/VirtualProduction/Switchboard/Switchboard.uplugin" 243
"../../../Engine/Plugins/VirtualProduction/LiveLinkCamera/LiveLinkCamera.uplugin" 244
"../../../Engine/Plugins/VirtualProduction/RemoteControlProtocolMIDI/RemoteControlProtocolMIDI.uplugin" 245
"../../../Engine/Plugins/VirtualProduction/CameraCalibrationCore/CameraCalibrationCore.uplugin" 246
"../../../Engine/Plugins/VirtualProduction/TextureShare/TextureShare.uplugin" 247
"../../../Engine/Plugins/VirtualProduction/LiveLinkXR/LiveLinkXR.uplugin" 248
"../../../Engine/Plugins/VirtualProduction/RemoteControlProtocolDMX/RemoteControlProtocolDMX.uplugin" 249
"../../../Engine/Plugins/Developer/KDevelopSourceCodeAccess/KDevelopSourceCodeAccess.uplugin" 250
"../../../Engine/Plugins/VirtualProduction/StageMonitoring/StageMonitoring.uplugin" 251
"../../../Engine/Plugins/VirtualProduction/MultiUserTakes/MultiUserTakes.uplugin" 252
"../../../Engine/Plugins/VirtualProduction/RemoteControlProtocolOSC/RemoteControlProtocolOSC.uplugin" 253
"../../../Engine/Plugins/Enterprise/AxFImporter/AxFImporter.uplugin" 254
"../../../Engine/Plugins/VirtualProduction/RemoteControlWebInterface/RemoteControlWebInterface.uplugin" 255
"../../../Engine/Plugins/VirtualProduction/RemoteControl/RemoteControl.uplugin" 256
"../../../Engine/Plugins/Enterprise/DatasmithGLTFImporter/DatasmithGLTFImporter.uplugin" 257
"../../../Engine/Plugins/Developer/PerforceSourceControl/PerforceSourceControl.uplugin" 258
"../../../Engine/Plugins/VirtualProduction/LiveLinkVRPN/LiveLinkVRPN.uplugin" 259
"../../../Engine/Plugins/VirtualProduction/RemoteControlInterception/RemoteControlInterception.uplugin" 260
"../../../Engine/Plugins/Enterprise/DatasmithFBXImporter/DatasmithFBXImporter.uplugin" 261
"../../../Engine/Plugins/Enterprise/DatasmithC4DImporter/DatasmithC4DImporter.uplugin" 262
"../../../Engine/Plugins/Enterprise/DatasmithImporter/DatasmithImporter.uplugin" 263
"../../../Engine/Plugins/VirtualProduction/SequencerPlaylists/SequencerPlaylists.uplugin" 264
"../../../Engine/Plugins/Enterprise/DatasmithContent/DatasmithContent.uplugin" 265
"../../../Engine/Plugins/VirtualProduction/Takes/Takes.uplugin" 266
"../../../Engine/Plugins/Enterprise/LidarPointCloud/LidarPointCloud.uplugin" 267
"../../../Engine/Plugins/Enterprise/VariantManagerContent/VariantManagerContent.uplugin" 268
"../../../Engine/Plugins/Enterprise/GLTFExporter/GLTFExporter.uplugin" 269
"../../../Engine/Plugins/Enterprise/VariantManager/VariantManager.uplugin" 270
"../../../Engine/Plugins/Slate/SlateScripting/SlateScripting.uplugin" 271
"../../../Engine/Plugins/Enterprise/DatasmithIFCImporter/DatasmithIFCImporter.uplugin" 272
"../../../Engine/Plugins/Experimental/BlueprintSnapNodes/BlueprintSnapNodes.uplugin" 273
"../../../Engine/Plugins/Enterprise/DatasmithCADImporter/DatasmithCADImporter.uplugin" 274
"../../../Engine/Plugins/Experimental/BackChannel/BackChannel.uplugin" 275
"../../../Engine/Plugins/Experimental/ActorPalette/ActorPalette.uplugin" 276
"../../../Engine/Plugins/Slate/SlateInsights/SlateInsights.uplugin" 277
"../../../Engine/Plugins/Enterprise/MDLImporter/MDLImporter.uplugin" 278
"../../../Engine/Plugins/Experimental/AutomationUtils/AutomationUtils.uplugin" 279
"../../../Engine/Plugins/Experimental/ChaosNiagara/ChaosNiagara.uplugin" 280
"../../../Engine/Plugins/Enterprise/DataprepEditor/DataprepEditor.uplugin" 281
"../../../Engine/Plugins/Experimental/ChaosSolverPlugin/ChaosSolverPlugin.uplugin" 282
"../../../Engine/Plugins/VirtualProduction/TimedDataMonitor/TimedDataMonitor.uplugin" 283
"../../../Engine/Plugins/Experimental/ChaosCaching/ChaosCaching.uplugin" 284
"../../../Engine/Plugins/Experimental/ChaosClothEditor/ChaosClothEditor.uplugin" 285
"../../../Engine/Plugins/Experimental/ChaosCloth/ChaosCloth.uplugin" 286
"../../../Engine/Plugins/Experimental/ChaosUserDataPT/ChaosUserDataPT.uplugin" 287
"../../../Engine/Plugins/Experimental/Chooser/Chooser.uplugin" 288
"../../../Engine/Plugins/Experimental/CharacterAI/CharacterAI.uplugin" 289
"../../../Engine/Plugins/Experimental/AppleVision/AppleVision.uplugin" 290
"../../../Engine/Plugins/Experimental/CodeEditor/CodeEditor.uplugin" 291
"../../../Engine/Plugins/Experimental/BlueprintStats/BlueprintStats.uplugin" 292
"../../../Engine/Plugins/Experimental/AbilitySystemGameFeatureActions/AbilitySystemGameFeatureActions.uplugin" 293
"../../../Engine/Plugins/Experimental/ChaosVehiclesPlugin/ChaosVehiclesPlugin.uplugin" 294
"../../../Engine/Plugins/Experimental/ControlFlows/ControlFlows.uplugin" 295
"../../../Engine/Plugins/Experimental/CinematicPrestreaming/CinematicPrestreaming.uplugin" 296
"../../../Engine/Plugins/Experimental/ColorCorrectRegions/ColorCorrectRegions.uplugin" 297
"../../../Engine/Plugins/Experimental/CodeView/CodeView.uplugin" 298
"../../../Engine/Plugins/Experimental/ChaosEditor/ChaosEditor.uplugin" 299
"../../../Engine/Plugins/Experimental/CommonConversation/CommonConversation.uplugin" 300
"../../../Engine/Plugins/Experimental/DataInterface/DataInterface.uplugin" 301
"../../../Engine/Plugins/Experimental/FullBodyIK/FullBodyIK.uplugin" 302
"../../../Engine/Plugins/Experimental/Dataflow/Dataflow.uplugin" 303
"../../../Engine/Plugins/Experimental/ExampleAssetEditor/ExampleAssetEditor.uplugin" 304
"../../../Engine/Plugins/Experimental/DataInterfaceGraph/DataInterfaceGraph.uplugin" 305
"../../../Engine/Plugins/Experimental/Gauntlet/Gauntlet.uplugin" 306
"../../../Engine/Plugins/Experimental/DefaultInstallBundleManager/DefaultInstallBundleManager.uplugin" 307
"../../../Engine/Plugins/Experimental/GizmoFramework/GizmoFramework.uplugin" 308
"../../../Engine/Plugins/Experimental/GeometryCacheAbcFile/GeometryCacheAbcFile.uplugin" 309
"../../../Engine/Plugins/Experimental/GameplayBehaviors/GameplayBehaviors.uplugin" 310
"../../../Engine/Plugins/Experimental/FieldSystemPlugin/FieldSystemPlugin.uplugin" 311
"../../../Engine/Plugins/Experimental/CommonUI/CommonUI.uplugin" 312
"../../../Engine/Plugins/Experimental/GeometryFlow/GeometryFlow.uplugin" 313
"../../../Engine/Plugins/Experimental/HairModelingToolset/HairModelingToolset.uplugin" 314
"../../../Engine/Plugins/Experimental/JWT/JWT.uplugin" 315
"../../../Engine/Plugins/Experimental/GameFeatures/GameFeatures.uplugin" 316
"../../../Engine/Plugins/Experimental/GeometryScripting/GeometryScripting.uplugin" 317
"../../../Engine/Plugins/Experimental/ImpostorBaker/ImpostorBaker.uplugin" 318
"../../../Engine/Plugins/Experimental/LiveLinkControlRig/LiveLinkControlRig.uplugin" 319
"../../../Engine/Plugins/Experimental/Iris/Iris.uplugin" 320
"../../../Engine/Plugins/Experimental/ImagePlate/ImagePlate.uplugin" 321
"../../../Engine/Plugins/Experimental/GeometryCollectionPlugin/GeometryCollectionPlugin.uplugin" 322
"../../../Engine/Plugins/Experimental/Landmass/Landmass.uplugin" 323
"../../../Engine/Plugins/Experimental/MeshModelingToolsetExp/MeshModelingToolsetExp.uplugin" 324
"../../../Engine/Plugins/Experimental/LiveLinkFaceImporter/LiveLinkFaceImporter.uplugin" 325
"../../../Engine/Plugins/Experimental/LandscapePatch/LandscapePatch.uplugin" 326
"../../../Engine/Plugins/Experimental/GPULightmass/GPULightmass.uplugin" 327
"../../../Engine/Plugins/Experimental/NaniteDisplacedMesh/NaniteDisplacedMesh.uplugin" 328
"../../../Engine/Plugins/Experimental/MotoSynth/MotoSynth.uplugin" 329
"../../../Engine/Plugins/Experimental/AssetPlacementEdMode/AssetPlacementEdMode.uplugin" 330
"../../../Engine/Plugins/Experimental/Mutable/Mutable.uplugin" 331
"../../../Engine/Plugins/Experimental/MeshLODToolset/MeshLODToolset.uplugin" 332
"../../../Engine/Plugins/Experimental/GizmoEdMode/GizmoEdMode.uplugin" 333
"../../../Engine/Plugins/Experimental/OpenImageDenoise/OpenImageDenoise.uplugin" 334
"../../../Engine/Plugins/Experimental/MotorSimOutputMotoSynth/MotorSimOutputMotoSynth.uplugin" 335
"../../../Engine/Plugins/Experimental/PlatformCrypto/PlatformCrypto.uplugin" 336
"../../../Engine/Plugins/Experimental/PCG/PCG.uplugin" 337
"../../../Engine/Plugins/Experimental/OptiXDenoise/OptiXDenoise.uplugin" 338
"../../../Engine/Plugins/Experimental/ProxyLODPlugin/ProxyLODPlugin.uplugin" 339
"../../../Engine/Plugins/Experimental/PhysicsControl/PhysicsControl.uplugin" 340
"../../../Engine/Plugins/Experimental/PythonFoundationPackages/PythonFoundationPackages.uplugin" 341
"../../../Engine/Plugins/Experimental/PlanarCutPlugin/PlanarCut.uplugin" 342
"../../../Engine/Plugins/Experimental/NNI/NeuralNetworkInference.uplugin" 343
"../../../Engine/Plugins/Experimental/RawInput/RawInput.uplugin" 344
"../../../Engine/Plugins/Experimental/ScreenReader/ScreenReader.uplugin" 345
"../../../Engine/Plugins/Experimental/PanoramicCapture/PanoramicCapture.uplugin" 346
"../../../Engine/Plugins/Experimental/SlateScreenReader/SlateScreenReader.uplugin" 347
"../../../Engine/Plugins/Experimental/Shotgrid/Shotgrid.uplugin" 348
"../../../Engine/Plugins/Experimental/StaticMeshEditorModeling/StaticMeshEditorModeling.uplugin" 349
"../../../Engine/Plugins/Experimental/SampleToolsEditorMode/SampleToolsEditorMode.uplugin" 350
"../../../Engine/Plugins/Experimental/SkeletalReduction/SkeletalReduction.uplugin" 351
"../../../Engine/Plugins/Experimental/StructUtils/StructUtils.uplugin" 352
"../../../Engine/Plugins/Experimental/RenderGrid/RenderGrid.uplugin" 353
"../../../Engine/Plugins/Experimental/TextToSpeech/TextToSpeech.uplugin" 354
"../../../Engine/Plugins/Experimental/SimpleHMD/SimpleHMD.uplugin" 355
"../../../Engine/Plugins/Experimental/Text3D/Text3D.uplugin" 356
"../../../Engine/Plugins/Experimental/ModularGameplay/ModularGameplay.uplugin" 357
"../../../Engine/Plugins/Experimental/VirtualCamera/VirtualCamera.uplugin" 358
"../../../Engine/Plugins/Experimental/Volumetrics/Volumetrics.uplugin" 359
"../../../Engine/Plugins/Experimental/VirtualScouting/VirtualScouting.uplugin" 360
"../../../Engine/Plugins/Experimental/VirtualHeightfieldMesh/VirtualHeightfieldMesh.uplugin" 361
"../../../Engine/Plugins/Experimental/UIFramework/UIFramework.uplugin" 362
"../../../Engine/Plugins/Experimental/WebSocketNetworking/WebSocketNetworking.uplugin" 363
"../../../Engine/Plugins/Experimental/WaterExtras/WaterExtras.uplugin" 364
"../../../Engine/Plugins/Experimental/Water/Water.uplugin" 365
"../../../Engine/Plugins/Protocols/MQTT/MQTT.uplugin" 366
"../../../Engine/Plugins/Experimental/VirtualProductionUtilities/VirtualProductionUtilities.uplugin" 367
"../../../Engine/Plugins/Experimental/WaveFunctionCollapse/WaveFunctionCollapse.uplugin" 368
"../../../Engine/Plugins/Media/AppleProResMedia/AppleProResMedia.uplugin" 369
"../../../Engine/Plugins/Experimental/UVEditor/UVEditor.uplugin" 370
"../../../Engine/Plugins/Media/AudioCaptureTimecodeProvider/AudioCaptureTimecodeProvider.uplugin" 371
"../../../Engine/Plugins/Experimental/WidgetEditorToolPalette/WidgetEditorToolPalette.uplugin" 372
"../../../Engine/Plugins/Media/AndroidMedia/AndroidMedia.uplugin" 373
"../../../Engine/Plugins/Media/BlackmagicMedia/BlackmagicMedia.uplugin" 374
"../../../Engine/Plugins/Media/AvidDNxMedia/AvidDNxMedia.uplugin" 375
"../../../Engine/Plugins/Media/AjaMedia/AjaMedia.uplugin" 376
"../../../Engine/Plugins/Media/AndroidCamera/AndroidCamera.uplugin" 377
"../../../Engine/Plugins/Media/ElectraPlayer/ElectraPlayer.uplugin" 378
"../../../Engine/Plugins/Media/ElectraCDM/ElectraCDM.uplugin" 379
"../../../Engine/Plugins/Media/HardwareEncoders/HardwareEncoders.uplugin" 380
"../../../Engine/Plugins/Media/HLMedia/HLMedia.uplugin" 381
"../../../Engine/Plugins/Media/ImgMedia/ImgMedia.uplugin" 382
"../../../Engine/Plugins/Media/ElectraUtil/ElectraUtil.uplugin" 383
"../../../Engine/Plugins/Media/HAPMedia/HAPMedia.uplugin" 384
"../../../Engine/Plugins/Media/MediaFrameworkUtilities/MediaFrameworkUtilities.uplugin" 385
"../../../Engine/Plugins/Media/AvfMedia/AvfMedia.uplugin" 386
"../../../Engine/Plugins/Media/LinearTimecode/LinearTimecode.uplugin" 387
"../../../Engine/Plugins/Media/BinkMedia/BinkMedia.uplugin" 388
"../../../Engine/Plugins/Media/MediaIOFramework/MediaIOFramework.uplugin" 389
"../../../Engine/Plugins/Media/PixelCapture/PixelCapture.uplugin" 390
"../../../Engine/Plugins/Media/ElectraSubtitles/ElectraSubtitles.uplugin" 391
"../../../Engine/Plugins/Media/PixelStreamingPlayer/PixelStreamingPlayer.uplugin" 392
"../../../Engine/Plugins/Media/TimecodeSynchronizer/TimecodeSynchronizer.uplugin" 393
"../../../Engine/Plugins/Media/MediaPlayerEditor/MediaPlayerEditor.uplugin" 394
"../../../Engine/Plugins/Media/WebMMedia/WebMMedia.uplugin" 395
"../../../Engine/Plugins/Media/MediaPlate/MediaPlate.uplugin" 396
"../../../Engine/Plugins/Media/PixelStreaming/PixelStreaming.uplugin" 397
"../../../Engine/Plugins/Media/MediaCompositing/MediaCompositing.uplugin" 398
"../../../Engine/Plugins/Media/MediaMovieStreamer/MediaMovieStreamer.uplugin" 399
"../../../Engine/Plugins/Media/WmfMedia/WmfMedia.uplugin" 400
"../../../Engine/Plugins/Media/MfMedia/MfMedia.uplugin" 401
"../../../Engine/Plugins/MovieScene/MovieRenderPipeline/MovieRenderPipeline.uplugin" 402
"../../../Engine/Plugins/MovieScene/MoviePipelineMaskRenderPass/MoviePipelineMaskRenderPass.uplugin" 403
"../../../Engine/Plugins/MovieScene/TemplateSequence/TemplateSequence.uplugin" 404
"../../../Engine/Plugins/Messaging/TcpMessaging/TcpMessaging.uplugin" 405
"../../../Engine/Plugins/MovieScene/LevelSequenceEditor/LevelSequenceEditor.uplugin" 406
"../../../Engine/Plugins/AI/AISupport/AISupport.uplugin" 407
"../../../Engine/Plugins/Messaging/MessagingDebugger/MessagingDebugger.uplugin" 408
"../../../Engine/Plugins/Messaging/UdpMessaging/UdpMessaging.uplugin" 409
"../../../Engine/Plugins/AI/HTNPlanner/HTNPlanner.uplugin" 410
"../../../Engine/Plugins/MovieScene/ActorSequence/ActorSequence.uplugin" 411
"../../../Engine/Plugins/MovieScene/ReplayTracks/ReplayTracks.uplugin" 412
"../../../Engine/Plugins/MovieScene/SequencerScripting/SequencerScripting.uplugin" 413
"../../../Engine/Plugins/AI/MassAI/MassAI.uplugin" 414
"../../../Engine/Plugins/MovieScene/CustomizableSequencerTracks/CustomizableSequencerTracks.uplugin" 415
"../../../Engine/Plugins/Experimental/RemoteSession/RemoteSession.uplugin" 416
"../../../Engine/Plugins/Experimental/PythonScriptPlugin/PythonScriptPlugin.uplugin" 417
"../../../Engine/Plugins/AI/EnvironmentQueryEditor/EnvironmentQueryEditor.uplugin" 418
"../../../Engine/Plugins/AI/MassCrowd/MassCrowd.uplugin" 419
"../../../Engine/Plugins/AI/MLAdapter/MLAdapter.uplugin" 420
"../../../Engine/Plugins/Runtime/Oculus/OculusVR/OculusVR.uplugin" 421
"../../../Engine/Plugins/Runtime/PacketHandlers/AESGCMHandlerComponent/AESGCMHandlerComponent.uplugin" 422
"../../../Engine/Plugins/Runtime/Advertising/IOSTapJoy/IOSTapJoy.uplugin" 423
"../../../Engine/Plugins/Runtime/Analytics/Adjust/Adjust.uplugin" 424
"../../../Engine/Plugins/Runtime/Analytics/Flurry/Flurry.uplugin" 425
"../../../Engine/Plugins/Runtime/Analytics/AnalyticsMulticast/AnalyticsMulticast.uplugin" 426
"../../../Engine/Plugins/Runtime/AR/ARUtilities/ARUtilities.uplugin" 427
"../../../Engine/Plugins/Runtime/PacketHandlers/AESHandlerComponent/AESHandlerComponent.uplugin" 428
"../../../Engine/Plugins/Runtime/Analytics/AnalyticsBlueprintLibrary/AnalyticsBlueprintLibrary.uplugin" 429
"../../../Engine/Plugins/Editor/ObjectMixer/ObjectMixer/ObjectMixer.uplugin" 430
"../../../Engine/Plugins/Experimental/VirtualProduction/LedWallCalibration/LedWallCalibration.uplugin" 431
"../../../Engine/Plugins/Runtime/Analytics/FileLogging/FileLogging.uplugin" 432
"../../../Engine/Plugins/Runtime/AR/AzureSpatialAnchors/AzureSpatialAnchors.uplugin" 433
"../../../Engine/Plugins/Editor/ContentBrowser/ContentBrowserFileDataSource/ContentBrowserFileDataSource.uplugin" 434
"../../../Engine/Plugins/Runtime/AR/AzureSpatialAnchorsForARKit/AzureSpatialAnchorsForARKit.uplugin" 435
"../../../Engine/Plugins/Editor/ObjectMixer/LightMixer/LightMixer.uplugin" 436
"../../../Engine/Plugins/Editor/ContentBrowser/ContentBrowserClassDataSource/ContentBrowserClassDataSource.uplugin" 437
"../../../Engine/Plugins/Runtime/Nvidia/GeForceNOWWrapper/GeForceNOWWrapper.uplugin" 438
"../../../Engine/Plugins/Developer/Concert/ConcertMain/ConcertMain.uplugin" 439
"../../../Engine/Plugins/Runtime/Steam/SteamAudio/SteamAudio.uplugin" 440
"../../../Engine/Plugins/Runtime/PacketHandlers/DTLSHandlerComponent/DTLSHandlerComponent.uplugin" 441
"../../../Engine/Plugins/Runtime/Nvidia/Reflex/Reflex.uplugin" 442
"../../../Engine/Plugins/Runtime/MeshReconstruction/DummyMeshReconstructor/DummyMeshReconstructor.uplugin" 443
"../../../Engine/Plugins/Experimental/Animation/ContextualAnimation/ContextualAnimation.uplugin" 444
"../../../Engine/Plugins/Runtime/Steam/SteamShared/SteamShared.uplugin" 445
"../../../Engine/Plugins/Runtime/Steam/SteamVR/SteamVR.uplugin" 446
"../../../Engine/Plugins/Editor/ContentBrowser/ContentBrowserAssetDataSource/ContentBrowserAssetDataSource.uplugin" 447
"../../../Engine/Plugins/Experimental/Animation/MotionTrajectory/MotionTrajectory.uplugin" 448
"../../../Engine/Plugins/Experimental/Animation/Optimus/Optimus.uplugin" 449
"../../../Engine/Plugins/Runtime/Steam/SteamSockets/SteamSockets.uplugin" 450
"../../../Engine/Plugins/Runtime/Steam/SteamController/SteamController.uplugin" 451
"../../../Engine/Plugins/Experimental/Animation/CurveExpression/CurveExpression.uplugin" 452
"../../../Engine/Plugins/Runtime/Oculus/OculusAudio/OculusAudio.uplugin" 453
"../../../Engine/Plugins/Animation/MLDeformer/NeuralMorphModel/NeuralMorphModel.uplugin" 454
"../../../Engine/Plugins/Animation/MLDeformer/NearestNeighborModel/NearestNeighborModel.uplugin" 455
"../../../Engine/Plugins/VirtualProduction/Rivermax/RivermaxCore/RivermaxCore.uplugin" 456
"../../../Engine/Plugins/Experimental/Animation/PoseSearch/PoseSearch.uplugin" 457
"../../../Engine/Plugins/Animation/MLDeformer/VertexDeltaModel/VertexDeltaModel.uplugin" 458
"../../../Engine/Plugins/Editor/ContentBrowser/ContentBrowserAliasDataSoure/ContentBrowserAliasDataSource.uplugin" 459
"../../../Engine/Plugins/Online/IOS/OnlineSubsystemIOS/OnlineSubsystemIOS.uplugin" 460
"../../../Engine/Plugins/VirtualProduction/Rivermax/RivermaxMedia/RivermaxMedia.uplugin" 461
"../../../Engine/Plugins/Animation/MLDeformer/MLDeformerFramework/MLDeformerFramework.uplugin" 462
"../../../Engine/Plugins/Experimental/AR/PointCloud/PointCloud.uplugin" 463
"../../../Engine/Plugins/Runtime/Database/DatabaseSupport/DatabaseSupport.uplugin" 464
"../../../Engine/Plugins/Experimental/Animation/SkeletalMeshModelingTools/SkeletalMeshModelingTools.uplugin" 465
"../../../Engine/Plugins/Experimental/Enterprise/DatasmithRuntime/DatasmithRuntime.uplugin" 466
"../../../Engine/Plugins/Experimental/Enterprise/DataprepGeometryOperations/DataprepGeometryOperations.uplugin" 467
"../../../Engine/Plugins/Runtime/Database/SQLiteCore/SQLiteCore.uplugin" 468
"../../../Engine/Plugins/Online/Android/AndroidFetchBackgroundDownload/AndroidFetchBackgroundDownload.uplugin" 469
"../../../Engine/Plugins/Runtime/AR/AzureSpatialAnchorsForARCore/AzureSpatialAnchorsForARCore.uplugin" 470
"../../../Engine/Plugins/Runtime/Database/SQLiteSupport/SQLiteSupport.uplugin" 471
"../../../Engine/Plugins/Experimental/Enterprise/DatasmithInterchange/DatasmithInterchange.uplugin" 472
"../../../Engine/Plugins/Online/VoiceChat/EOSVoiceChat/EOSVoiceChat.uplugin" 473
"../../../Engine/Plugins/Online/VoiceChat/VoiceChat/VoiceChat.uplugin" 474
"../../../Engine/Plugins/Runtime/Database/RemoteDatabaseSupport/RemoteDatabaseSupport.uplugin" 475
"../../../Engine/Plugins/Runtime/XR/XRVisualization/XRVisualization.uplugin" 476
"../../../Engine/Plugins/Runtime/Database/ADOSupport/ADOSupport.uplugin" 477
"../../../Engine/Plugins/Runtime/Windows/WinDualShock/WinDualShock.uplugin" 478
"../../../Engine/Plugins/VirtualProduction/DMX/DMXEngine/DMXEngine.uplugin" 479
"../../../Engine/Plugins/VirtualProduction/DMX/DatasmithMVR/DatasmithMVR.uplugin" 480
"../../../Engine/Plugins/VirtualProduction/DMX/DMXModularFeatures/DMXModularFeatures.uplugin" 481
"../../../Engine/Plugins/VirtualProduction/DMX/DMXDisplayCluster/DMXDisplayCluster.uplugin" 482
"../../../Engine/Plugins/Online/Android/OnlineSubsystemGooglePlay/OnlineSubsystemGooglePlay.uplugin" 483
"../../../Engine/Plugins/Experimental/Web/WebAPI/WebAPI.uplugin" 484
"../../../Engine/Plugins/VirtualProduction/DMX/DMXFixtures/DMXFixtures.uplugin" 485
"../../../Engine/Plugins/VirtualProduction/DMX/DMXPixelMapping/DMXPixelMapping.uplugin" 486
"../../../Engine/Plugins/Developer/Concert/ConcertSync/ConcertSyncServer/ConcertSyncServer.uplugin" 487
"../../../Engine/Plugins/VirtualProduction/DMX/DMXProtocol/DMXProtocol.uplugin" 488
"../../../Engine/Plugins/Developer/Concert/ConcertApp/MultiUserServer/MultiUserServer.uplugin" 489
"../../../Engine/Plugins/Developer/Concert/ConcertSync/ConcertSyncTest/ConcertSyncTest.uplugin" 490
"../../../Engine/Plugins/Developer/Concert/ConcertSync/ConcertSyncClient/ConcertSyncClient.uplugin" 491
"../../../Engine/Plugins/Runtime/AR/Google/GoogleARCore/GoogleARCore.uplugin" 492
"../../../Engine/Plugins/Runtime/AR/Google/GoogleARCoreServices/GoogleARCoreServices.uplugin" 493
"../../../Engine/Plugins/Runtime/AR/AppleAR/AppleARKitFaceSupport/AppleARKitFaceSupport.uplugin" 494
"../../../Engine/Plugins/Developer/Concert/ConcertUI/ConcertClientSharedSlate/ConcertClientSharedSlate.uplugin" 495
"../../../Engine/Plugins/Developer/Concert/ConcertSync/ConcertSyncCore/ConcertSyncCore.uplugin" 496
"../../../Engine/Plugins/Developer/Concert/ConcertUI/ConcertSharedSlate/ConcertSharedSlate.uplugin" 497
"../../../Engine/Plugins/Developer/Concert/ConcertApp/DisasterRecoveryClient/DisasterRecoveryClient.uplugin" 498
"../../../Engine/Plugins/Runtime/AR/AppleAR/AppleARKit/AppleARKit.uplugin" 499
"../../../Engine/Plugins/Developer/Concert/ConcertApp/MultiUserClient/MultiUserClient.uplugin" 500
"../../../Engine/Platforms/HoloLens/Plugins/Runtime/GeoReferencing/GeoReferencing_HoloLens.uplugin" 501
"../../../Engine/Platforms/HoloLens/Plugins/Media/BinkMedia/BinkMedia_HoloLens.uplugin" 502
"../../../Engine/Platforms/HoloLens/Plugins/Media/MfMedia/MfMedia_HoloLens.uplugin" 503
"../../../Engine/Platforms/HoloLens/Plugins/Media/HLMedia/HLMedia_HoloLens.uplugin" 504
"../../../Engine/Platforms/HoloLens/Plugins/Online/OnlineServicesEOSGS/OnlineServicesEOSGS_HoloLens.uplugin" 505
"../../../Engine/Platforms/HoloLens/Plugins/Runtime/OpenXRHandTracking/OpenXRHandTracking_HoloLens.uplugin" 506
"../../../Engine/Platforms/HoloLens/Plugins/Runtime/OpenXR/OpenXR_HoloLens.uplugin" 507
"../../../Engine/Platforms/HoloLens/Plugins/Compression/OodleNetwork/OodleNetwork_HoloLens.uplugin" 508
"../../../Engine/Platforms/HoloLens/Plugins/Runtime/OpenXRMsftHandInteraction/OpenXRMsftHandInteraction_HoloLens.uplugin" 509
"../../../Engine/Platforms/HoloLens/Plugins/Runtime/AR/AzureSpatialAnchors/AzureSpatialAnchors_HoloLens.uplugin" 510
"../../../Engine/Platforms/HoloLens/Plugins/Online/OnlineServicesEOS/OnlineServicesEOS_HoloLens.uplugin" 511
"../../../Engine/Platforms/HoloLens/Plugins/Runtime/OpenXREyeTracker/OpenXREyeTracker_HoloLens.uplugin" 512
"../../../Engine/Platforms/HoloLens/Plugins/Runtime/ApexDestruction/ApexDestruction_HoloLens.uplugin" 513
"../../../Engine/Platforms/HoloLens/Plugins/Runtime/MicrosoftSpatialAudio/MicroSoftSpatialSound_HoloLens.uplugin" 514
"../../../Engine/Content/Internationalization/icudt64l/cnvalias.icu" 515
"../../../Engine/Content/Internationalization/icudt64l/res_index.res" 516
"../../../Engine/Content/Internationalization/icudt64l/plurals.res" 517
"../../../Engine/Content/Internationalization/icudt64l/lang/ja_JP.res" 518
"../../../Engine/Content/Internationalization/icudt64l/lang/pool.res" 519
"../../../Engine/Content/Internationalization/icudt64l/lang/ja.res" 520
"../../../Engine/Content/Internationalization/icudt64l/lang/root.res" 521
"../../../Engine/Content/Internationalization/icudt64l/region/ja_JP.res" 522
"../../../Engine/Content/Internationalization/icudt64l/region/pool.res" 523
"../../../Engine/Content/Internationalization/icudt64l/region/ja.res" 524
"../../../Engine/Content/Internationalization/icudt64l/region/root.res" 525
"../../../Engine/Content/Internationalization/icudt64l/lang/en.res" 526
"../../../Engine/Content/Internationalization/icudt64l/region/en.res" 527
"../../../Engine/Content/Internationalization/icudt64l/windowsZones.res" 528
"../../../Engine/Content/Internationalization/icudt64l/zoneinfo64.res" 529
"../../../Engine/Content/Internationalization/icudt64l/keyTypeData.res" 530
"../../../Engine/Content/Internationalization/icudt64l/timezoneTypes.res" 531
"../../../Engine/Content/Internationalization/icudt64l/likelySubtags.res" 532
"../../../Engine/Content/Internationalization/icudt64l/ja_JP.res" 533
"../../../Engine/Content/Internationalization/icudt64l/pool.res" 534
"../../../Engine/Content/Internationalization/icudt64l/ja.res" 535
"../../../Engine/Content/Internationalization/icudt64l/root.res" 536
"../../../Engine/Content/Internationalization/icudt64l/supplementalData.res" 537
"../../../Engine/Config/ConfigRedirects.ini" 538
"C:/Users/kbc12306133/AppData/Local/UnrealEngine/5.1/Saved/Config/WindowsEditor/Manifest.ini" 539
"../../../Engine/Config/Base.ini" 540
"../../../Engine/Config/BaseEngine.ini" 541
"../../../Engine/Config/Android/BaseAndroidEngine.ini" 542
"../../../../../../Project_T/Config/DefaultEngine.ini" 543
"../../../Engine/Config/Mac/BaseMacEngine.ini" 544
"../../../Engine/Config/Android/AndroidEngine.ini" 545
"../../../Engine/Config/IOS/BaseIOSEngine.ini" 546
"../../../Engine/Config/Mac/MacEngine.ini" 547
"../../../Engine/Config/HoloLens/HoloLensEngine.ini" 548
"../../../Engine/Config/Linux/BaseLinuxEngine.ini" 549
"../../../Engine/Config/Windows/BaseWindowsEngine.ini" 550
"../../../../../../Project_T/Platforms/HoloLens/Config/HoloLensEngine.ini" 551
"../../../Engine/Config/IOS/IOSEngine.ini" 552
"../../../Engine/Config/BaseGame.ini" 553
"../../../Engine/Config/Unix/UnixEngine.ini" 554
"../../../Engine/Config/TVOS/TVOSEngine.ini" 555
"../../../Engine/Config/Linux/LinuxEngine.ini" 556
"../../../Engine/Config/Android/BaseAndroidGame.ini" 557
"../../../Engine/Config/Windows/WindowsEngine.ini" 558
"../../../../../../Project_T/Config/DefaultGame.ini" 559
"../../../Engine/Config/LinuxArm64/LinuxArm64Engine.ini" 560
"../../../Engine/Config/Mac/MacGame.ini" 561
"../../../Engine/Config/IOS/BaseIOSGame.ini" 562
"../../../Engine/Config/HoloLens/HoloLensGame.ini" 563
"../../../Engine/Config/IOS/IOSGame.ini" 564
"C:/Project_T/Saved/Config/WindowsEditor/Engine.ini" 565
"../../../Engine/Config/BaseInput.ini" 566
"../../../../../../Project_T/Config/DefaultInput.ini" 567
"../../../Engine/Config/Windows/WindowsGame.ini" 568
"../../../Engine/Config/BaseDeviceProfiles.ini" 569
"C:/Project_T/Saved/Config/WindowsEditor/Game.ini" 570
"../../../Engine/Config/Linux/LinuxGame.ini" 571
"../../../Engine/Config/BaseGameUserSettings.ini" 572
"../../../Engine/Config/BaseScalability.ini" 573
"C:/Project_T/Saved/Config/WindowsEditor/Input.ini" 574
"../../../Engine/Config/Android/AndroidScalability.ini" 575
"../../../Engine/Config/BaseRuntimeOptions.ini" 576
"../../../Engine/Config/IOS/IOSScalability.ini" 577
"../../../Engine/Config/BaseInstallBundle.ini" 578
"C:/Project_T/Saved/Config/WindowsEditor/DeviceProfiles.ini" 579
"../../../Engine/Config/BaseHardware.ini" 580
"C:/Project_T/Saved/Config/WindowsEditor/GameUserSettings.ini" 581
"C:/Project_T/Saved/Config/WindowsEditor/Scalability.ini" 582
"C:/Project_T/Saved/Config/WindowsEditor/RuntimeOptions.ini" 583
"C:/Project_T/Saved/Config/WindowsEditor/Hardware.ini" 584
"../../../Engine/Config/BaseCompat.ini" 585
"C:/Project_T/Saved/Config/WindowsEditor/Compat.ini" 586
"../../../Engine/Config/BaseLightmass.ini" 587
"C:/Project_T/Saved/Config/WindowsEditor/Lightmass.ini" 588
"../../../Engine/Config/BaseEditor.ini" 589
"../../../../../../Project_T/Config/DefaultEditor.ini" 590
"C:/Project_T/Saved/Config/WindowsEditor/Editor.ini" 591
"../../../Engine/Config/BaseEditorPerProjectUserSettings.ini" 592
"../../../../../../Project_T/Config/DefaultEditorPerProjectUserSettings.ini" 593
"../../../Engine/Config/Windows/WindowsEditorPerProjectUserSettings.ini" 594
"C:/Project_T/Saved/Config/WindowsEditor/EditorPerProjectUserSettings.ini" 595
"../../../Engine/Config/BaseEditorSettings.ini" 596
"C:/Users/kbc12306133/AppData/Local/UnrealEngine/5.1/Saved/Config/WindowsEditor/EditorSettings.ini" 597
"../../../Engine/Config/BaseEditorKeyBindings.ini" 598
"C:/Users/kbc12306133/AppData/Local/UnrealEngine/5.1/Saved/Config/WindowsEditor/EditorKeyBindings.ini" 599
"C:/Users/kbc12306133/AppData/Local/UnrealEngine/5.1/Saved/Config/WindowsEditor/EditorLayout.ini" 600
"../../../../../../Project_T/Binaries/Win64/Project_T.target" 601
"../../../Engine/Binaries/Win64/BootstrapPackagedGame-Win64-Shipping.target" 602
"../../../Engine/Binaries/Win64/BuildPatchTool-Win64-Shipping.target" 603
"../../../Engine/Binaries/Win64/CrashReportClient-Win64-Shipping.target" 604
"../../../Engine/Binaries/Win64/CrashReportClientEditor-Win64-Shipping.target" 605
"../../../Engine/Binaries/Win64/DatasmithCADWorker.target" 606
"../../../Engine/Binaries/Win64/EpicWebHelper.target" 607
"../../../Engine/Binaries/Win64/LiveCodingConsole.target" 608
"../../../Engine/Binaries/Win64/ShaderCompileWorker.target" 609
"../../../Engine/Binaries/Win64/SwitchboardListener.target" 610
"../../../Engine/Binaries/Win64/UnrealEditor-Win64-DebugGame.target" 611
"../../../Engine/Binaries/Win64/UnrealEditor.target" 612
"../../../Engine/Plugins/EnhancedInput/Config/BaseEnhancedInput.ini" 613
"C:/Project_T/Saved/Config/WindowsEditor/EnhancedInput.ini" 614
"../../../Engine/Plugins/2D/Paper2D/Config/BasePaper2D.ini" 615
"C:/Project_T/Saved/Config/WindowsEditor/Paper2D.ini" 616
"../../../Engine/Plugins/Editor/EditorScriptingUtilities/Config/BaseEditorScriptingUtilities.ini" 617
"C:/Project_T/Saved/Config/WindowsEditor/EditorScriptingUtilities.ini" 618
"../../../Engine/Plugins/Animation/ControlRig/Config/BaseControlRig.ini" 619
"C:/Project_T/Saved/Config/WindowsEditor/ControlRig.ini" 620
"../../../Engine/Plugins/Animation/LiveLink/Config/BaseLiveLink.ini" 621
"C:/Project_T/Saved/Config/WindowsEditor/LiveLink.ini" 622
"../../../Engine/Plugins/Animation/IKRig/Config/BaseIKRig.ini" 623
"../../../Engine/Plugins/Runtime/HairStrands/Config/BaseHairStrands.ini" 624
"C:/Project_T/Saved/Config/WindowsEditor/HairStrands.ini" 625
"../../../Engine/Plugins/Runtime/Metasound/Config/BaseMetasound.ini" 626
"C:/Project_T/Saved/Config/WindowsEditor/Metasound.ini" 627
"../../../Engine/Plugins/Runtime/Synthesis/Config/BaseSynthesis.ini" 628
"C:/Project_T/Saved/Config/WindowsEditor/Synthesis.ini" 629
"../../../Engine/Plugins/Interchange/Runtime/Config/BaseInterchange.ini" 630
"C:/Project_T/Saved/Config/WindowsEditor/Interchange.ini" 631
"../../../Engine/Plugins/Interchange/Runtime/Config/Game.ini" 632
"../../../Engine/Plugins/FX/Niagara/Config/BaseNiagara.ini" 633
"C:/Project_T/Saved/Config/WindowsEditor/Niagara.ini" 634
"../../../Engine/Plugins/Developer/TraceDataFiltering/Config/BaseTraceDataFilters.ini" 635
"C:/Project_T/Saved/Config/WindowsEditor/TraceDataFilters.ini" 636
"../../../Engine/Plugins/Enterprise/DatasmithContent/Config/BaseDatasmithContent.ini" 637
"C:/Project_T/Saved/Config/WindowsEditor/DatasmithContent.ini" 638
"../../../Engine/Plugins/Enterprise/GLTFExporter/Config/BaseGLTFExporter.ini" 639
"../../../Engine/Plugins/Enterprise/GLTFExporter/Config/DefaultGLTFExporter.ini" 640
"C:/Project_T/Saved/Config/WindowsEditor/GLTFExporter.ini" 641
"../../../Engine/Plugins/Enterprise/VariantManagerContent/Config/BaseVariantManagerContent.ini" 642
"C:/Project_T/Saved/Config/WindowsEditor/VariantManagerContent.ini" 643
"../../../Engine/Plugins/Enterprise/MDLImporter/Config/BaseMDLImporter.ini" 644
"C:/Project_T/Saved/Config/WindowsEditor/MDLImporter.ini" 645
"../../../Engine/Plugins/Experimental/FullBodyIK/Config/BaseFullBodyIK.ini" 646
"C:/Project_T/Saved/Config/WindowsEditor/FullBodyIK.ini" 647
"../../../Engine/Plugins/Developer/Concert/ConcertSync/ConcertSyncCore/Config/BaseConcertSyncCore.ini" 648
"C:/Project_T/Saved/Config/WindowsEditor/ConcertSyncCore.ini" 649
"../../../Engine/Plugins/Editor/ModelingToolsEditorMode/Binaries/Win64/UnrealEditor.modules" 650
"../../../Engine/Plugins/Runtime/MeshModelingToolset/Binaries/Win64/UnrealEditor.modules" 651
"../../../Engine/Plugins/Experimental/MeshModelingToolsetExp/Binaries/Win64/UnrealEditor.modules" 652
"../../../Engine/Plugins/Experimental/MeshLODToolset/Binaries/Win64/UnrealEditor.modules" 653
"../../../Engine/Plugins/Editor/StylusInput/Binaries/Win64/UnrealEditor.modules" 654
"../../../Engine/Plugins/Runtime/GeometryProcessing/Binaries/Win64/UnrealEditor.modules" 655
"../../../Engine/Plugins/Experimental/ProxyLODPlugin/Binaries/Win64/UnrealEditor.modules" 656
"../../../Engine/Plugins/Experimental/GeometryFlow/Binaries/Win64/UnrealEditor.modules" 657
"../../../Engine/Plugins/Editor/EditorScriptingUtilities/Binaries/Win64/UnrealEditor.modules" 658
"../../../Engine/Plugins/Experimental/Text3D/Binaries/Win64/UnrealEditor.modules" 659
"../../../Engine/Plugins/Bridge/Binaries/Win64/UnrealEditor.modules" 660
"../../../Engine/Plugins/FastBuildController/Binaries/Win64/UnrealEditor.modules" 661
"../../../Engine/Plugins/EnhancedInput/Binaries/Win64/UnrealEditor.modules" 662
"../../../Engine/Plugins/MeshPainting/Binaries/Win64/UnrealEditor.modules" 663
"../../../Engine/Plugins/Interchange/Editor/Binaries/Win64/UnrealEditor.modules" 664
"../../../Engine/Plugins/Interchange/Runtime/Binaries/Win64/UnrealEditor.modules" 665
"../../../Engine/Plugins/Editor/GLTFImporter/Binaries/Win64/UnrealEditor.modules" 666
"../../../Engine/Plugins/Enterprise/VariantManagerContent/Binaries/Win64/UnrealEditor.modules" 667
"../../../Engine/Plugins/Enterprise/VariantManager/Binaries/Win64/UnrealEditor.modules" 668
"../../../Engine/Plugins/TraceUtilities/Binaries/Win64/UnrealEditor.modules" 669
"../../../Engine/Plugins/XGEController/Binaries/Win64/UnrealEditor.modules" 670
"../../../Engine/Plugins/2D/Paper2D/Binaries/Win64/UnrealEditor.modules" 671
"../../../Engine/Plugins/Editor/AssetManagerEditor/Binaries/Win64/UnrealEditor.modules" 672
"../../../Engine/Plugins/Editor/BlueprintHeaderView/Binaries/Win64/UnrealEditor.modules" 673
"../../../Engine/Plugins/Editor/DataValidation/Binaries/Win64/UnrealEditor.modules" 674
"../../../Engine/Plugins/Editor/CryptoKeys/Binaries/Win64/UnrealEditor.modules" 675
"../../../Engine/Plugins/Editor/CurveEditorTools/Binaries/Win64/UnrealEditor.modules" 676
"../../../Engine/Plugins/Editor/FacialAnimation/Binaries/Win64/UnrealEditor.modules" 677
"../../../Engine/Plugins/Editor/MaterialAnalyzer/Binaries/Win64/UnrealEditor.modules" 678
"../../../Engine/Plugins/Editor/EditorDebugTools/Binaries/Win64/UnrealEditor.modules" 679
"../../../Engine/Plugins/Editor/PluginBrowser/Binaries/Win64/UnrealEditor.modules" 680
"../../../Engine/Plugins/Developer/PluginUtils/Binaries/Win64/UnrealEditor.modules" 681
"../../../Engine/Plugins/Editor/MobileLauncherProfileWizard/Binaries/Win64/UnrealEditor.modules" 682
"../../../Engine/Plugins/Editor/GameplayTagsEditor/Binaries/Win64/UnrealEditor.modules" 683
"../../../Engine/Plugins/Editor/SequencerAnimTools/Binaries/Win64/UnrealEditor.modules" 684
"../../../Engine/Plugins/Animation/ControlRig/Binaries/Win64/UnrealEditor.modules" 685
"../../../Engine/Plugins/MovieScene/LevelSequenceEditor/Binaries/Win64/UnrealEditor.modules" 686
"../../../Engine/Plugins/MovieScene/SequencerScripting/Binaries/Win64/UnrealEditor.modules" 687
"../../../Engine/Plugins/Experimental/PythonScriptPlugin/Binaries/Win64/UnrealEditor.modules" 688
"../../../Engine/Plugins/Runtime/PropertyAccess/Binaries/Win64/UnrealEditor.modules" 689
"../../../Engine/Plugins/Editor/ContentBrowser/ContentBrowserFileDataSource/Binaries/Win64/UnrealEditor.modules" 690
"../../../Engine/Plugins/Editor/GeometryMode/Binaries/Win64/UnrealEditor.modules" 691
"../../../Engine/Plugins/Editor/SpeedTreeImporter/Binaries/Win64/UnrealEditor.modules" 692
"../../../Engine/Plugins/Editor/WorldPartitionHLODUtilities/Binaries/Win64/UnrealEditor.modules" 693
"../../../Engine/Plugins/Portal/LauncherChunkInstaller/Binaries/Win64/UnrealEditor.modules" 694
"../../../Engine/Plugins/Marketplace/FabLauncher/Binaries/Win64/UnrealEditor.modules" 695
"../../../Engine/Plugins/Importers/USDImporter/Binaries/Win64/UnrealEditor.modules" 696
"../../../Engine/Plugins/Importers/AlembicImporter/Binaries/Win64/UnrealEditor.modules" 697
"../../../Engine/Plugins/Runtime/Analytics/AnalyticsBlueprintLibrary/Binaries/Win64/UnrealEditor.modules" 698
"../../../Engine/Plugins/Runtime/GeometryCache/Binaries/Win64/UnrealEditor.modules" 699
"../../../Engine/Plugins/Animation/LiveLink/Binaries/Win64/UnrealEditor.modules" 700
"../../../Engine/Plugins/Enterprise/MDLImporter/Binaries/Win64/UnrealEditor.modules" 701
"../../../Engine/Plugins/Runtime/HairStrands/Binaries/Win64/UnrealEditor.modules" 702
"../../../Engine/Plugins/FX/Niagara/Binaries/Win64/UnrealEditor.modules" 703
"../../../Engine/Plugins/VirtualProduction/Takes/Binaries/Win64/UnrealEditor.modules" 704
"../../../Engine/Plugins/Developer/Concert/ConcertSync/ConcertSyncClient/Binaries/Win64/UnrealEditor.modules" 705
"../../../Engine/Plugins/Developer/Concert/ConcertSync/ConcertSyncCore/Binaries/Win64/UnrealEditor.modules" 706
"../../../Engine/Plugins/Developer/Concert/ConcertMain/Binaries/Win64/UnrealEditor.modules" 707
"../../../Engine/Plugins/Runtime/Database/SQLiteCore/Binaries/Win64/UnrealEditor.modules" 708
"../../../Engine/Plugins/Animation/AnimationModifierLibrary/Binaries/Win64/UnrealEditor.modules" 709
"../../../Engine/Plugins/Animation/BlendSpaceMotionAnalysis/Binaries/Win64/UnrealEditor.modules" 710
"../../../Engine/Plugins/Animation/IKRig/Binaries/Win64/UnrealEditor.modules" 711
"../../../Engine/Plugins/Experimental/FullBodyIK/Binaries/Win64/UnrealEditor.modules" 712
"../../../Engine/Plugins/Runtime/ActorLayerUtilities/Binaries/Win64/UnrealEditor.modules" 713
"../../../Engine/Plugins/Runtime/AndroidPermission/Binaries/Win64/UnrealEditor.modules" 714
"../../../Engine/Plugins/Runtime/AppleImageUtils/Binaries/Win64/UnrealEditor.modules" 715
"../../../Engine/Plugins/Animation/ControlRigSpline/Binaries/Win64/UnrealEditor.modules" 716
"../../../Engine/Plugins/Runtime/AndroidFileServer/Binaries/Win64/UnrealEditor.modules" 717
"../../../Engine/Plugins/Runtime/AudioCapture/Binaries/Win64/UnrealEditor.modules" 718
"../../../Engine/Plugins/Runtime/ChunkDownloader/Binaries/Win64/UnrealEditor.modules" 719
"../../../Engine/Plugins/Runtime/AndroidDeviceProfileSelector/Binaries/Win64/UnrealEditor.modules" 720
"../../../Engine/Plugins/Runtime/CustomMeshComponent/Binaries/Win64/UnrealEditor.modules" 721
"../../../Engine/Plugins/Runtime/AssetTags/Binaries/Win64/UnrealEditor.modules" 722
"../../../Engine/Plugins/Runtime/ExampleDeviceProfileSelector/Binaries/Win64/UnrealEditor.modules" 723
"../../../Engine/Plugins/Runtime/ArchVisCharacter/Binaries/Win64/UnrealEditor.modules" 724
"../../../Engine/Plugins/Runtime/CableComponent/Binaries/Win64/UnrealEditor.modules" 725
"../../../Engine/Plugins/Runtime/InputDebugging/Binaries/Win64/UnrealEditor.modules" 726
"../../../Engine/Plugins/Runtime/GooglePAD/Binaries/Win64/UnrealEditor.modules" 727
"../../../Engine/Plugins/Runtime/MobilePatchingUtils/Binaries/Win64/UnrealEditor.modules" 728
"../../../Engine/Plugins/Runtime/LocationServicesBPLibrary/Binaries/Win64/UnrealEditor.modules" 729
"../../../Engine/Plugins/Runtime/Metasound/Binaries/Win64/UnrealEditor.modules" 730
"../../../Engine/Plugins/Runtime/AudioWidgets/Binaries/Win64/UnrealEditor.modules" 731
"../../../Engine/Plugins/Runtime/AudioSynesthesia/Binaries/Win64/UnrealEditor.modules" 732
"../../../Engine/Plugins/Runtime/WaveTable/Binaries/Win64/UnrealEditor.modules" 733
"../../../Engine/Plugins/Runtime/ProceduralMeshComponent/Binaries/Win64/UnrealEditor.modules" 734
"../../../Engine/Plugins/Runtime/ResonanceAudio/Binaries/Win64/UnrealEditor.modules" 735
"../../../Engine/Plugins/Runtime/SoundFields/Binaries/Win64/UnrealEditor.modules" 736
"../../../Engine/Plugins/Runtime/Synthesis/Binaries/Win64/UnrealEditor.modules" 737
"../../../Engine/Plugins/Runtime/WebMMoviePlayer/Binaries/Win64/UnrealEditor.modules" 738
"../../../Engine/Plugins/Media/WebMMedia/Binaries/Win64/UnrealEditor.modules" 739
"../../../Engine/Plugins/Runtime/WindowsDeviceProfileSelector/Binaries/Win64/UnrealEditor.modules" 740
"../../../Engine/Plugins/Runtime/WindowsMoviePlayer/Binaries/Win64/UnrealEditor.modules" 741
"../../../Engine/Plugins/Cameras/GameplayCameras/Binaries/Win64/UnrealEditor.modules" 742
"../../../Engine/Plugins/MovieScene/TemplateSequence/Binaries/Win64/UnrealEditor.modules" 743
"../../../Engine/Plugins/Cameras/CameraShakePreviewer/Binaries/Win64/UnrealEditor.modules" 744
"../../../Engine/Plugins/Tests/InterchangeTests/Binaries/Win64/UnrealEditor.modules" 745
"../../../Engine/Plugins/Online/OnlineBase/Binaries/Win64/UnrealEditor.modules" 746
"../../../Engine/Plugins/Online/OnlineSubsystem/Binaries/Win64/UnrealEditor.modules" 747
"../../../Engine/Plugins/Online/OnlineSubsystemUtils/Binaries/Win64/UnrealEditor.modules" 748
"../../../Engine/Plugins/Online/OnlineServices/Binaries/Win64/UnrealEditor.modules" 749
"../../../Engine/Plugins/Online/OnlineSubsystemNull/Binaries/Win64/UnrealEditor.modules" 750
"../../../Engine/Plugins/Compression/OodleNetwork/Binaries/Win64/UnrealEditor.modules" 751
"../../../Engine/Plugins/Developer/AnimationSharing/Binaries/Win64/UnrealEditor.modules" 752
"../../../Engine/Plugins/Runtime/SignificanceManager/Binaries/Win64/UnrealEditor.modules" 753
"../../../Engine/Plugins/Developer/DumpGPUServices/Binaries/Win64/UnrealEditor.modules" 754
"../../../Engine/Plugins/Developer/GitSourceControl/Binaries/Win64/UnrealEditor.modules" 755
"../../../Engine/Plugins/Developer/CLionSourceCodeAccess/Binaries/Win64/UnrealEditor.modules" 756
"../../../Engine/Plugins/Developer/PropertyAccessNode/Binaries/Win64/UnrealEditor.modules" 757
"../../../Engine/Plugins/Developer/PlasticSourceControl/Binaries/Win64/UnrealEditor.modules" 758
"../../../Engine/Plugins/Developer/TraceDataFiltering/Binaries/Win64/UnrealEditor.modules" 759
"../../../Engine/Plugins/Developer/TextureFormatOodle/Binaries/Win64/UnrealEditor.modules" 760
"../../../Engine/Plugins/Developer/RiderSourceCodeAccess/Binaries/Win64/UnrealEditor.modules" 761
"../../../Engine/Plugins/Developer/SubversionSourceControl/Binaries/Win64/UnrealEditor.modules" 762
"../../../Engine/Plugins/Developer/VisualStudioCodeSourceCodeAccess/Binaries/Win64/UnrealEditor.modules" 763
"../../../Engine/Plugins/Developer/VisualStudioSourceCodeAccess/Binaries/Win64/UnrealEditor.modules" 764
"../../../Engine/Plugins/Developer/UObjectPlugin/Binaries/Win64/UnrealEditor.modules" 765
"../../../Engine/Plugins/Developer/PixWinPlugin/Binaries/Win64/UnrealEditor.modules" 766
"../../../Engine/Plugins/Developer/PerforceSourceControl/Binaries/Win64/UnrealEditor.modules" 767
"../../../Engine/Plugins/Enterprise/DatasmithContent/Binaries/Win64/UnrealEditor.modules" 768
"../../../Engine/Plugins/Enterprise/GLTFExporter/Binaries/Win64/UnrealEditor.modules" 769
"../../../Engine/Plugins/Experimental/AutomationUtils/Binaries/Win64/UnrealEditor.modules" 770
"../../../Engine/Plugins/Experimental/BackChannel/Binaries/Win64/UnrealEditor.modules" 771
"../../../Engine/Plugins/Experimental/ChaosNiagara/Binaries/Win64/UnrealEditor.modules" 772
"../../../Engine/Plugins/Experimental/ChaosSolverPlugin/Binaries/Win64/UnrealEditor.modules" 773
"../../../Engine/Plugins/Experimental/ChaosUserDataPT/Binaries/Win64/UnrealEditor.modules" 774
"../../../Engine/Plugins/Experimental/ChaosCloth/Binaries/Win64/UnrealEditor.modules" 775
"../../../Engine/Plugins/Experimental/ChaosCaching/Binaries/Win64/UnrealEditor.modules" 776
"../../../Engine/Plugins/Experimental/ChaosClothEditor/Binaries/Win64/UnrealEditor.modules" 777
"../../../Engine/Plugins/Experimental/CharacterAI/Binaries/Win64/UnrealEditor.modules" 778
"../../../Engine/Plugins/Experimental/ChaosEditor/Binaries/Win64/UnrealEditor.modules" 779
"../../../Engine/Plugins/Experimental/PlanarCutPlugin/Binaries/Win64/UnrealEditor.modules" 780
"../../../Engine/Plugins/Experimental/GeometryCollectionPlugin/Binaries/Win64/UnrealEditor.modules" 781
"../../../Engine/Plugins/Experimental/Dataflow/Binaries/Win64/UnrealEditor.modules" 782
"../../../Engine/Plugins/Experimental/Iris/Binaries/Win64/UnrealEditor.modules" 783
"../../../Engine/Plugins/Experimental/OpenImageDenoise/Binaries/Win64/UnrealEditor.modules" 784
"../../../Engine/Plugins/Experimental/PlatformCrypto/Binaries/Win64/UnrealEditor.modules" 785
"../../../Engine/Plugins/Experimental/SkeletalReduction/Binaries/Win64/UnrealEditor.modules" 786
"../../../Engine/Plugins/Experimental/UVEditor/Binaries/Win64/UnrealEditor.modules" 787
"../../../Engine/Plugins/Media/AndroidMedia/Binaries/Win64/UnrealEditor.modules" 788
"../../../Engine/Plugins/Media/ImgMedia/Binaries/Win64/UnrealEditor.modules" 789
"../../../Engine/Plugins/Media/AvfMedia/Binaries/Win64/UnrealEditor.modules" 790
"../../../Engine/Plugins/Media/MediaPlayerEditor/Binaries/Win64/UnrealEditor.modules" 791
"../../../Engine/Plugins/Media/MediaPlate/Binaries/Win64/UnrealEditor.modules" 792
"../../../Engine/Plugins/Media/MediaCompositing/Binaries/Win64/UnrealEditor.modules" 793
"../../../Engine/Plugins/Media/WmfMedia/Binaries/Win64/UnrealEditor.modules" 794
"../../../Engine/Plugins/Messaging/TcpMessaging/Binaries/Win64/UnrealEditor.modules" 795
"../../../Engine/Plugins/AI/AISupport/Binaries/Win64/UnrealEditor.modules" 796
"../../../Engine/Plugins/Messaging/UdpMessaging/Binaries/Win64/UnrealEditor.modules" 797
"../../../Engine/Plugins/MovieScene/ActorSequence/Binaries/Win64/UnrealEditor.modules" 798
"../../../Engine/Plugins/AI/EnvironmentQueryEditor/Binaries/Win64/UnrealEditor.modules" 799
"../../../Engine/Plugins/Editor/ContentBrowser/ContentBrowserClassDataSource/Binaries/Win64/UnrealEditor.modules" 800
"../../../Engine/Plugins/Editor/ObjectMixer/ObjectMixer/Binaries/Win64/UnrealEditor.modules" 801
"../../../Engine/Plugins/Editor/ObjectMixer/LightMixer/Binaries/Win64/UnrealEditor.modules" 802
"../../../Engine/Plugins/Editor/ContentBrowser/ContentBrowserAssetDataSource/Binaries/Win64/UnrealEditor.modules" 803
"C:/Users/kbc12306133/AppData/Local/UnrealEngine/5.1/Saved/Config/WindowsEditor/SourceControlSettings.ini" 804
"../../../Engine/Content/Certificates/ThirdParty/cacert.pem" 805
"../../../Engine/Config/ConsoleVariables.ini" 806
"../../../Engine/Binaries/Win64/Android/UnrealEditor.modules" 807
"../../../Engine/Binaries/Win64/IOS/UnrealEditor.modules" 808
"../../../Engine/Binaries/Win64/Linux/UnrealEditor.modules" 809
"../../../Engine/Binaries/Win64/LinuxArm64/UnrealEditor.modules" 810
"C:\Program Files\Epic Games\UE_5.1\Engine\Binaries\ThirdParty\ShaderConductor\Win64\dxcompiler.dll" 811
"C:\Program Files\Epic Games\UE_5.1\Engine\Binaries\ThirdParty\ShaderConductor\Win64\dxil.dll" 812
"C:\Program Files\Epic Games\UE_5.1\Engine\Binaries\ThirdParty\ShaderConductor\Win64\ShaderConductor.dll" 813
"../../../Engine/Content/Localization/Editor/ja/Editor.locres" 814
"../../../Engine/Content/Localization/EditorTutorials/ja/EditorTutorials.locres" 815
"../../../Engine/Content/Localization/Keywords/ja/Keywords.locres" 816
"../../../Engine/Content/Localization/Category/ja/Category.locres" 817
"../../../Engine/Content/Localization/ToolTips/ja/ToolTips.locres" 818
"../../../Engine/Content/Localization/PropertyNames/ja/PropertyNames.locres" 819
"../../../Engine/Content/Localization/Engine/ja/Engine.locres" 820
"../../../Engine/Plugins/Online/OnlineSubsystem/Content/Localization/OnlineSubsystem/ja/OnlineSubsystem.locres" 821
"../../../Engine/Plugins/Online/OnlineSubsystemUtils/Content/Localization/OnlineSubsystemUtils/ja/OnlineSubsystemUtils.locres" 822
"../../../Engine/Plugins/Online/IOS/OnlineSubsystemIOS/Content/Localization/OnlineSubsystemIOS/ja/OnlineSubsystemIOS.locres" 823
"../../../Engine/Plugins/Online/Android/OnlineSubsystemGooglePlay/Content/Localization/OnlineSubsystemGooglePlay/ja/OnlineSubsystemGooglePlay.locres" 824
"../../../Engine/Content/Internationalization/icudt64l/numberingSystems.res" 825
"../../../Engine/Content/Internationalization/icudt64l/curr/supplementalData.res" 826
"../../../Engine/Content/Internationalization/icudt64l/curr/ja_JP.res" 827
"../../../Engine/Content/Internationalization/icudt64l/curr/pool.res" 828
"../../../Engine/Content/Internationalization/icudt64l/curr/ja.res" 829
"../../../Engine/Content/Internationalization/icudt64l/curr/root.res" 830
"../../../Engine/Content/Internationalization/icudt64l/lang/af.res" 831
"../../../Engine/Content/Internationalization/icudt64l/region/af.res" 832
"../../../Engine/Content/Internationalization/icudt64l/lang/agq.res" 833
"../../../Engine/Content/Internationalization/icudt64l/region/agq.res" 834
"../../../Engine/Content/Internationalization/icudt64l/lang/ak.res" 835
"../../../Engine/Content/Internationalization/icudt64l/region/ak.res" 836
"../../../Engine/Content/Internationalization/icudt64l/lang/am.res" 837
"../../../Engine/Content/Internationalization/icudt64l/region/am.res" 838
"../../../Engine/Content/Internationalization/icudt64l/lang/ar.res" 839
"../../../Engine/Content/Internationalization/icudt64l/region/ar.res" 840
"../../../Engine/Content/Internationalization/icudt64l/region/ar_AE.res" 841
"../../../Engine/Content/Internationalization/icudt64l/lang/ar_EG.res" 842
"../../../Engine/Content/Internationalization/icudt64l/lang/ar_LY.res" 843
"../../../Engine/Content/Internationalization/icudt64l/region/ar_LY.res" 844
"../../../Engine/Content/Internationalization/icudt64l/lang/ar_SA.res" 845
"../../../Engine/Content/Internationalization/icudt64l/region/ar_SA.res" 846
"../../../Engine/Content/Internationalization/icudt64l/lang/as.res" 847
"../../../Engine/Content/Internationalization/icudt64l/region/as.res" 848
"../../../Engine/Content/Internationalization/icudt64l/lang/asa.res" 849
"../../../Engine/Content/Internationalization/icudt64l/region/asa.res" 850
"../../../Engine/Content/Internationalization/icudt64l/lang/ast.res" 851
"../../../Engine/Content/Internationalization/icudt64l/region/ast.res" 852
"../../../Engine/Content/Internationalization/icudt64l/lang/az.res" 853
"../../../Engine/Content/Internationalization/icudt64l/lang/az_Cyrl.res" 854
"../../../Engine/Content/Internationalization/icudt64l/lang/az_AZ.res" 855
"../../../Engine/Content/Internationalization/icudt64l/lang/az_Latn_AZ.res" 856
"../../../Engine/Content/Internationalization/icudt64l/lang/az_Latn.res" 857
"../../../Engine/Content/Internationalization/icudt64l/region/az_AZ.res" 858
"../../../Engine/Content/Internationalization/icudt64l/region/az_Latn_AZ.res" 859
"../../../Engine/Content/Internationalization/icudt64l/region/az_Latn.res" 860
"../../../Engine/Content/Internationalization/icudt64l/region/az.res" 861
"../../../Engine/Content/Internationalization/icudt64l/region/az_Cyrl.res" 862
"../../../Engine/Content/Internationalization/icudt64l/lang/bas.res" 863
"../../../Engine/Content/Internationalization/icudt64l/region/bas.res" 864
"../../../Engine/Content/Internationalization/icudt64l/lang/be.res" 865
"../../../Engine/Content/Internationalization/icudt64l/region/be.res" 866
"../../../Engine/Content/Internationalization/icudt64l/lang/bem.res" 867
"../../../Engine/Content/Internationalization/icudt64l/region/bem.res" 868
"../../../Engine/Content/Internationalization/icudt64l/lang/bez.res" 869
"../../../Engine/Content/Internationalization/icudt64l/region/bez.res" 870
"../../../Engine/Content/Internationalization/icudt64l/lang/bg.res" 871
"../../../Engine/Content/Internationalization/icudt64l/region/bg.res" 872
"../../../Engine/Content/Internationalization/icudt64l/lang/bm.res" 873
"../../../Engine/Content/Internationalization/icudt64l/region/bm.res" 874
"../../../Engine/Content/Internationalization/icudt64l/lang/bn.res" 875
"../../../Engine/Content/Internationalization/icudt64l/region/bn.res" 876
"../../../Engine/Content/Internationalization/icudt64l/lang/bn_IN.res" 877
"../../../Engine/Content/Internationalization/icudt64l/region/bn_IN.res" 878
"../../../Engine/Content/Internationalization/icudt64l/lang/bo.res" 879
"../../../Engine/Content/Internationalization/icudt64l/region/bo.res" 880
"../../../Engine/Content/Internationalization/icudt64l/region/bo_IN.res" 881
"../../../Engine/Content/Internationalization/icudt64l/lang/br.res" 882
"../../../Engine/Content/Internationalization/icudt64l/region/br.res" 883
"../../../Engine/Content/Internationalization/icudt64l/lang/brx.res" 884
"../../../Engine/Content/Internationalization/icudt64l/region/brx.res" 885
"../../../Engine/Content/Internationalization/icudt64l/lang/bs.res" 886
"../../../Engine/Content/Internationalization/icudt64l/lang/bs_Cyrl.res" 887
"../../../Engine/Content/Internationalization/icudt64l/lang/bs_BA.res" 888
"../../../Engine/Content/Internationalization/icudt64l/lang/bs_Latn_BA.res" 889
"../../../Engine/Content/Internationalization/icudt64l/lang/bs_Latn.res" 890
"../../../Engine/Content/Internationalization/icudt64l/region/bs_BA.res" 891
"../../../Engine/Content/Internationalization/icudt64l/region/bs_Latn_BA.res" 892
"../../../Engine/Content/Internationalization/icudt64l/region/bs_Latn.res" 893
"../../../Engine/Content/Internationalization/icudt64l/region/bs.res" 894
"../../../Engine/Content/Internationalization/icudt64l/region/bs_Cyrl.res" 895
"../../../Engine/Content/Internationalization/icudt64l/lang/ca.res" 896
"../../../Engine/Content/Internationalization/icudt64l/region/ca.res" 897
"../../../Engine/Content/Internationalization/icudt64l/lang/ccp.res" 898
"../../../Engine/Content/Internationalization/icudt64l/region/ccp.res" 899
"../../../Engine/Content/Internationalization/icudt64l/lang/ce.res" 900
"../../../Engine/Content/Internationalization/icudt64l/region/ce.res" 901
"../../../Engine/Content/Internationalization/icudt64l/lang/ceb.res" 902
"../../../Engine/Content/Internationalization/icudt64l/region/ceb.res" 903
"../../../Engine/Content/Internationalization/icudt64l/lang/cgg.res" 904
"../../../Engine/Content/Internationalization/icudt64l/region/cgg.res" 905
"../../../Engine/Content/Internationalization/icudt64l/lang/chr.res" 906
"../../../Engine/Content/Internationalization/icudt64l/region/chr.res" 907
"../../../Engine/Content/Internationalization/icudt64l/lang/ckb.res" 908
"../../../Engine/Content/Internationalization/icudt64l/region/ckb.res" 909
"../../../Engine/Content/Internationalization/icudt64l/lang/cs.res" 910
"../../../Engine/Content/Internationalization/icudt64l/region/cs.res" 911
"../../../Engine/Content/Internationalization/icudt64l/lang/cy.res" 912
"../../../Engine/Content/Internationalization/icudt64l/region/cy.res" 913
"../../../Engine/Content/Internationalization/icudt64l/lang/da.res" 914
"../../../Engine/Content/Internationalization/icudt64l/region/da.res" 915
"../../../Engine/Content/Internationalization/icudt64l/lang/dav.res" 916
"../../../Engine/Content/Internationalization/icudt64l/region/dav.res" 917
"../../../Engine/Content/Internationalization/icudt64l/lang/de.res" 918
"../../../Engine/Content/Internationalization/icudt64l/lang/de_AT.res" 919
"../../../Engine/Content/Internationalization/icudt64l/region/de_AT.res" 920
"../../../Engine/Content/Internationalization/icudt64l/region/de.res" 921
"../../../Engine/Content/Internationalization/icudt64l/lang/de_CH.res" 922
"../../../Engine/Content/Internationalization/icudt64l/region/de_CH.res" 923
"../../../Engine/Content/Internationalization/icudt64l/lang/de_LU.res" 924
"../../../Engine/Content/Internationalization/icudt64l/lang/dje.res" 925
"../../../Engine/Content/Internationalization/icudt64l/region/dje.res" 926
"../../../Engine/Content/Internationalization/icudt64l/lang/dsb.res" 927
"../../../Engine/Content/Internationalization/icudt64l/region/dsb.res" 928
"../../../Engine/Content/Internationalization/icudt64l/lang/dua.res" 929
"../../../Engine/Content/Internationalization/icudt64l/region/dua.res" 930
"../../../Engine/Content/Internationalization/icudt64l/lang/dyo.res" 931
"../../../Engine/Content/Internationalization/icudt64l/region/dyo.res" 932
"../../../Engine/Content/Internationalization/icudt64l/lang/dz.res" 933
"../../../Engine/Content/Internationalization/icudt64l/region/dz.res" 934
"../../../Engine/Content/Internationalization/icudt64l/lang/ebu.res" 935
"../../../Engine/Content/Internationalization/icudt64l/region/ebu.res" 936
"../../../Engine/Content/Internationalization/icudt64l/lang/ee.res" 937
"../../../Engine/Content/Internationalization/icudt64l/region/ee.res" 938
"../../../Engine/Content/Internationalization/icudt64l/lang/el.res" 939
"../../../Engine/Content/Internationalization/icudt64l/region/el.res" 940
"../../../Engine/Content/Internationalization/icudt64l/lang/en_001.res" 941
"../../../Engine/Content/Internationalization/icudt64l/lang/en_150.res" 942
"../../../Engine/Content/Internationalization/icudt64l/region/en_150.res" 943
"../../../Engine/Content/Internationalization/icudt64l/lang/en_AG.res" 944
"../../../Engine/Content/Internationalization/icudt64l/region/en_AG.res" 945
"../../../Engine/Content/Internationalization/icudt64l/lang/en_AI.res" 946
"../../../Engine/Content/Internationalization/icudt64l/region/en_AI.res" 947
"../../../Engine/Content/Internationalization/icudt64l/lang/en_AT.res" 948
"../../../Engine/Content/Internationalization/icudt64l/region/en_AT.res" 949
"../../../Engine/Content/Internationalization/icudt64l/lang/en_AU.res" 950
"../../../Engine/Content/Internationalization/icudt64l/region/en_AU.res" 951
"../../../Engine/Content/Internationalization/icudt64l/lang/en_BB.res" 952
"../../../Engine/Content/Internationalization/icudt64l/region/en_BB.res" 953
"../../../Engine/Content/Internationalization/icudt64l/lang/en_BE.res" 954
"../../../Engine/Content/Internationalization/icudt64l/region/en_BE.res" 955
"../../../Engine/Content/Internationalization/icudt64l/lang/en_BM.res" 956
"../../../Engine/Content/Internationalization/icudt64l/region/en_BM.res" 957
"../../../Engine/Content/Internationalization/icudt64l/lang/en_BS.res" 958
"../../../Engine/Content/Internationalization/icudt64l/region/en_BS.res" 959
"../../../Engine/Content/Internationalization/icudt64l/lang/en_BW.res" 960
"../../../Engine/Content/Internationalization/icudt64l/region/en_BW.res" 961
"../../../Engine/Content/Internationalization/icudt64l/lang/en_BZ.res" 962
"../../../Engine/Content/Internationalization/icudt64l/region/en_BZ.res" 963
"../../../Engine/Content/Internationalization/icudt64l/lang/en_CA.res" 964
"../../../Engine/Content/Internationalization/icudt64l/region/en_CA.res" 965
"../../../Engine/Content/Internationalization/icudt64l/lang/en_CC.res" 966
"../../../Engine/Content/Internationalization/icudt64l/region/en_CC.res" 967
"../../../Engine/Content/Internationalization/icudt64l/lang/en_CH.res" 968
"../../../Engine/Content/Internationalization/icudt64l/region/en_CH.res" 969
"../../../Engine/Content/Internationalization/icudt64l/lang/en_CK.res" 970
"../../../Engine/Content/Internationalization/icudt64l/region/en_CK.res" 971
"../../../Engine/Content/Internationalization/icudt64l/lang/en_CM.res" 972
"../../../Engine/Content/Internationalization/icudt64l/region/en_CM.res" 973
"../../../Engine/Content/Internationalization/icudt64l/lang/en_CX.res" 974
"../../../Engine/Content/Internationalization/icudt64l/region/en_CX.res" 975
"../../../Engine/Content/Internationalization/icudt64l/lang/en_CY.res" 976
"../../../Engine/Content/Internationalization/icudt64l/region/en_CY.res" 977
"../../../Engine/Content/Internationalization/icudt64l/lang/en_DE.res" 978
"../../../Engine/Content/Internationalization/icudt64l/region/en_DE.res" 979
"../../../Engine/Content/Internationalization/icudt64l/lang/en_DG.res" 980
"../../../Engine/Content/Internationalization/icudt64l/region/en_DG.res" 981
"../../../Engine/Content/Internationalization/icudt64l/lang/en_DK.res" 982
"../../../Engine/Content/Internationalization/icudt64l/region/en_DK.res" 983
"../../../Engine/Content/Internationalization/icudt64l/lang/en_DM.res" 984
"../../../Engine/Content/Internationalization/icudt64l/region/en_DM.res" 985
"../../../Engine/Content/Internationalization/icudt64l/lang/en_ER.res" 986
"../../../Engine/Content/Internationalization/icudt64l/region/en_ER.res" 987
"../../../Engine/Content/Internationalization/icudt64l/lang/en_FI.res" 988
"../../../Engine/Content/Internationalization/icudt64l/region/en_FI.res" 989
"../../../Engine/Content/Internationalization/icudt64l/lang/en_FJ.res" 990
"../../../Engine/Content/Internationalization/icudt64l/region/en_FJ.res" 991
"../../../Engine/Content/Internationalization/icudt64l/lang/en_FK.res" 992
"../../../Engine/Content/Internationalization/icudt64l/region/en_FK.res" 993
"../../../Engine/Content/Internationalization/icudt64l/lang/en_FM.res" 994
"../../../Engine/Content/Internationalization/icudt64l/region/en_FM.res" 995
"../../../Engine/Content/Internationalization/icudt64l/lang/en_GB.res" 996
"../../../Engine/Content/Internationalization/icudt64l/region/en_GB.res" 997
"../../../Engine/Content/Internationalization/icudt64l/lang/en_GD.res" 998
"../../../Engine/Content/Internationalization/icudt64l/region/en_GD.res" 999
"../../../Engine/Content/Internationalization/icudt64l/lang/en_GG.res" 1000
"../../../Engine/Content/Internationalization/icudt64l/region/en_GG.res" 1001
"../../../Engine/Content/Internationalization/icudt64l/lang/en_GH.res" 1002
"../../../Engine/Content/Internationalization/icudt64l/region/en_GH.res" 1003
"../../../Engine/Content/Internationalization/icudt64l/lang/en_GI.res" 1004
"../../../Engine/Content/Internationalization/icudt64l/region/en_GI.res" 1005
"../../../Engine/Content/Internationalization/icudt64l/lang/en_GM.res" 1006
"../../../Engine/Content/Internationalization/icudt64l/region/en_GM.res" 1007
"../../../Engine/Content/Internationalization/icudt64l/lang/en_GY.res" 1008
"../../../Engine/Content/Internationalization/icudt64l/region/en_GY.res" 1009
"../../../Engine/Content/Internationalization/icudt64l/lang/en_HK.res" 1010
"../../../Engine/Content/Internationalization/icudt64l/region/en_HK.res" 1011
"../../../Engine/Content/Internationalization/icudt64l/lang/en_IE.res" 1012
"../../../Engine/Content/Internationalization/icudt64l/region/en_IE.res" 1013
"../../../Engine/Content/Internationalization/icudt64l/lang/en_IL.res" 1014
"../../../Engine/Content/Internationalization/icudt64l/region/en_IL.res" 1015
"../../../Engine/Content/Internationalization/icudt64l/lang/en_IM.res" 1016
"../../../Engine/Content/Internationalization/icudt64l/region/en_IM.res" 1017
"../../../Engine/Content/Internationalization/icudt64l/lang/en_IN.res" 1018
"../../../Engine/Content/Internationalization/icudt64l/region/en_IN.res" 1019
"../../../Engine/Content/Internationalization/icudt64l/lang/en_IO.res" 1020
"../../../Engine/Content/Internationalization/icudt64l/region/en_IO.res" 1021
"../../../Engine/Content/Internationalization/icudt64l/lang/en_JE.res" 1022
"../../../Engine/Content/Internationalization/icudt64l/region/en_JE.res" 1023
"../../../Engine/Content/Internationalization/icudt64l/lang/en_JM.res" 1024
"../../../Engine/Content/Internationalization/icudt64l/region/en_JM.res" 1025
"../../../Engine/Content/Internationalization/icudt64l/lang/en_KE.res" 1026
"../../../Engine/Content/Internationalization/icudt64l/region/en_KE.res" 1027
"../../../Engine/Content/Internationalization/icudt64l/lang/en_KI.res" 1028
"../../../Engine/Content/Internationalization/icudt64l/region/en_KI.res" 1029
"../../../Engine/Content/Internationalization/icudt64l/lang/en_KN.res" 1030
"../../../Engine/Content/Internationalization/icudt64l/region/en_KN.res" 1031
"../../../Engine/Content/Internationalization/icudt64l/lang/en_KY.res" 1032
"../../../Engine/Content/Internationalization/icudt64l/region/en_KY.res" 1033
"../../../Engine/Content/Internationalization/icudt64l/lang/en_LC.res" 1034
"../../../Engine/Content/Internationalization/icudt64l/region/en_LC.res" 1035
"../../../Engine/Content/Internationalization/icudt64l/lang/en_LR.res" 1036
"../../../Engine/Content/Internationalization/icudt64l/region/en_LR.res" 1037
"../../../Engine/Content/Internationalization/icudt64l/lang/en_LS.res" 1038
"../../../Engine/Content/Internationalization/icudt64l/region/en_LS.res" 1039
"../../../Engine/Content/Internationalization/icudt64l/lang/en_MG.res" 1040
"../../../Engine/Content/Internationalization/icudt64l/region/en_MG.res" 1041
"../../../Engine/Content/Internationalization/icudt64l/lang/en_MO.res" 1042
"../../../Engine/Content/Internationalization/icudt64l/region/en_MO.res" 1043
"../../../Engine/Content/Internationalization/icudt64l/lang/en_MS.res" 1044
"../../../Engine/Content/Internationalization/icudt64l/region/en_MS.res" 1045
"../../../Engine/Content/Internationalization/icudt64l/lang/en_MT.res" 1046
"../../../Engine/Content/Internationalization/icudt64l/region/en_MT.res" 1047
"../../../Engine/Content/Internationalization/icudt64l/lang/en_MU.res" 1048
"../../../Engine/Content/Internationalization/icudt64l/region/en_MU.res" 1049
"../../../Engine/Content/Internationalization/icudt64l/lang/en_MW.res" 1050
"../../../Engine/Content/Internationalization/icudt64l/region/en_MW.res" 1051
"../../../Engine/Content/Internationalization/icudt64l/lang/en_MY.res" 1052
"../../../Engine/Content/Internationalization/icudt64l/region/en_MY.res" 1053
"../../../Engine/Content/Internationalization/icudt64l/lang/en_NA.res" 1054
"../../../Engine/Content/Internationalization/icudt64l/region/en_NA.res" 1055
"../../../Engine/Content/Internationalization/icudt64l/lang/en_NF.res" 1056
"../../../Engine/Content/Internationalization/icudt64l/region/en_NF.res" 1057
"../../../Engine/Content/Internationalization/icudt64l/lang/en_NG.res" 1058
"../../../Engine/Content/Internationalization/icudt64l/region/en_NG.res" 1059
"../../../Engine/Content/Internationalization/icudt64l/lang/en_NL.res" 1060
"../../../Engine/Content/Internationalization/icudt64l/region/en_NL.res" 1061
"../../../Engine/Content/Internationalization/icudt64l/lang/en_NR.res" 1062
"../../../Engine/Content/Internationalization/icudt64l/region/en_NR.res" 1063
"../../../Engine/Content/Internationalization/icudt64l/lang/en_NU.res" 1064
"../../../Engine/Content/Internationalization/icudt64l/region/en_NU.res" 1065
"../../../Engine/Content/Internationalization/icudt64l/lang/en_NZ.res" 1066
"../../../Engine/Content/Internationalization/icudt64l/region/en_NZ.res" 1067
"../../../Engine/Content/Internationalization/icudt64l/lang/en_PG.res" 1068
"../../../Engine/Content/Internationalization/icudt64l/region/en_PG.res" 1069
"../../../Engine/Content/Internationalization/icudt64l/lang/en_PH.res" 1070
"../../../Engine/Content/Internationalization/icudt64l/region/en_PH.res" 1071
"../../../Engine/Content/Internationalization/icudt64l/lang/en_PK.res" 1072
"../../../Engine/Content/Internationalization/icudt64l/region/en_PK.res" 1073
"../../../Engine/Content/Internationalization/icudt64l/lang/en_PN.res" 1074
"../../../Engine/Content/Internationalization/icudt64l/region/en_PN.res" 1075
"../../../Engine/Content/Internationalization/icudt64l/lang/en_PW.res" 1076
"../../../Engine/Content/Internationalization/icudt64l/region/en_PW.res" 1077
"../../../Engine/Content/Internationalization/icudt64l/lang/en_RW.res" 1078
"../../../Engine/Content/Internationalization/icudt64l/region/en_RW.res" 1079
"../../../Engine/Content/Internationalization/icudt64l/lang/en_SB.res" 1080
"../../../Engine/Content/Internationalization/icudt64l/region/en_SB.res" 1081
"../../../Engine/Content/Internationalization/icudt64l/lang/en_SC.res" 1082
"../../../Engine/Content/Internationalization/icudt64l/region/en_SC.res" 1083
"../../../Engine/Content/Internationalization/icudt64l/lang/en_SD.res" 1084
"../../../Engine/Content/Internationalization/icudt64l/region/en_SD.res" 1085
"../../../Engine/Content/Internationalization/icudt64l/lang/en_SE.res" 1086
"../../../Engine/Content/Internationalization/icudt64l/region/en_SE.res" 1087
"../../../Engine/Content/Internationalization/icudt64l/lang/en_SG.res" 1088
"../../../Engine/Content/Internationalization/icudt64l/region/en_SG.res" 1089
"../../../Engine/Content/Internationalization/icudt64l/lang/en_SH.res" 1090
"../../../Engine/Content/Internationalization/icudt64l/region/en_SH.res" 1091
"../../../Engine/Content/Internationalization/icudt64l/lang/en_SI.res" 1092
"../../../Engine/Content/Internationalization/icudt64l/region/en_SI.res" 1093
"../../../Engine/Content/Internationalization/icudt64l/lang/en_SL.res" 1094
"../../../Engine/Content/Internationalization/icudt64l/region/en_SL.res" 1095
"../../../Engine/Content/Internationalization/icudt64l/lang/en_SS.res" 1096
"../../../Engine/Content/Internationalization/icudt64l/region/en_SS.res" 1097
"../../../Engine/Content/Internationalization/icudt64l/lang/en_SX.res" 1098
"../../../Engine/Content/Internationalization/icudt64l/region/en_SX.res" 1099
"../../../Engine/Content/Internationalization/icudt64l/lang/en_SZ.res" 1100
"../../../Engine/Content/Internationalization/icudt64l/region/en_SZ.res" 1101
"../../../Engine/Content/Internationalization/icudt64l/lang/en_TC.res" 1102
"../../../Engine/Content/Internationalization/icudt64l/region/en_TC.res" 1103
"../../../Engine/Content/Internationalization/icudt64l/lang/en_TK.res" 1104
"../../../Engine/Content/Internationalization/icudt64l/region/en_TK.res" 1105
"../../../Engine/Content/Internationalization/icudt64l/lang/en_TO.res" 1106
"../../../Engine/Content/Internationalization/icudt64l/region/en_TO.res" 1107
"../../../Engine/Content/Internationalization/icudt64l/lang/en_TT.res" 1108
"../../../Engine/Content/Internationalization/icudt64l/region/en_TT.res" 1109
"../../../Engine/Content/Internationalization/icudt64l/lang/en_TV.res" 1110
"../../../Engine/Content/Internationalization/icudt64l/region/en_TV.res" 1111
"../../../Engine/Content/Internationalization/icudt64l/lang/en_TZ.res" 1112
"../../../Engine/Content/Internationalization/icudt64l/region/en_TZ.res" 1113
"../../../Engine/Content/Internationalization/icudt64l/lang/en_UG.res" 1114
"../../../Engine/Content/Internationalization/icudt64l/region/en_UG.res" 1115
"../../../Engine/Content/Internationalization/icudt64l/lang/en_VC.res" 1116
"../../../Engine/Content/Internationalization/icudt64l/region/en_VC.res" 1117
"../../../Engine/Content/Internationalization/icudt64l/lang/en_VG.res" 1118
"../../../Engine/Content/Internationalization/icudt64l/region/en_VG.res" 1119
"../../../Engine/Content/Internationalization/icudt64l/lang/en_VU.res" 1120
"../../../Engine/Content/Internationalization/icudt64l/region/en_VU.res" 1121
"../../../Engine/Content/Internationalization/icudt64l/lang/en_WS.res" 1122
"../../../Engine/Content/Internationalization/icudt64l/region/en_WS.res" 1123
"../../../Engine/Content/Internationalization/icudt64l/lang/en_ZA.res" 1124
"../../../Engine/Content/Internationalization/icudt64l/region/en_ZA.res" 1125
"../../../Engine/Content/Internationalization/icudt64l/lang/en_ZM.res" 1126
"../../../Engine/Content/Internationalization/icudt64l/region/en_ZM.res" 1127
"../../../Engine/Content/Internationalization/icudt64l/lang/en_ZW.res" 1128
"../../../Engine/Content/Internationalization/icudt64l/region/en_ZW.res" 1129
"../../../Engine/Content/Internationalization/icudt64l/lang/eo.res" 1130
"../../../Engine/Content/Internationalization/icudt64l/region/eo.res" 1131
"../../../Engine/Content/Internationalization/icudt64l/lang/es.res" 1132
"../../../Engine/Content/Internationalization/icudt64l/lang/es_419.res" 1133
"../../../Engine/Content/Internationalization/icudt64l/region/es_419.res" 1134
"../../../Engine/Content/Internationalization/icudt64l/region/es.res" 1135
"../../../Engine/Content/Internationalization/icudt64l/lang/es_AR.res" 1136
"../../../Engine/Content/Internationalization/icudt64l/region/es_AR.res" 1137
"../../../Engine/Content/Internationalization/icudt64l/lang/es_BO.res" 1138
"../../../Engine/Content/Internationalization/icudt64l/region/es_BO.res" 1139
"../../../Engine/Content/Internationalization/icudt64l/lang/es_BR.res" 1140
"../../../Engine/Content/Internationalization/icudt64l/region/es_BR.res" 1141
"../../../Engine/Content/Internationalization/icudt64l/lang/es_BZ.res" 1142
"../../../Engine/Content/Internationalization/icudt64l/region/es_BZ.res" 1143
"../../../Engine/Content/Internationalization/icudt64l/lang/es_CL.res" 1144
"../../../Engine/Content/Internationalization/icudt64l/region/es_CL.res" 1145
"../../../Engine/Content/Internationalization/icudt64l/lang/es_CO.res" 1146
"../../../Engine/Content/Internationalization/icudt64l/region/es_CO.res" 1147
"../../../Engine/Content/Internationalization/icudt64l/lang/es_CR.res" 1148
"../../../Engine/Content/Internationalization/icudt64l/region/es_CR.res" 1149
"../../../Engine/Content/Internationalization/icudt64l/lang/es_CU.res" 1150
"../../../Engine/Content/Internationalization/icudt64l/region/es_CU.res" 1151
"../../../Engine/Content/Internationalization/icudt64l/lang/es_DO.res" 1152
"../../../Engine/Content/Internationalization/icudt64l/region/es_DO.res" 1153
"../../../Engine/Content/Internationalization/icudt64l/lang/es_EC.res" 1154
"../../../Engine/Content/Internationalization/icudt64l/region/es_EC.res" 1155
"../../../Engine/Content/Internationalization/icudt64l/lang/es_GT.res" 1156
"../../../Engine/Content/Internationalization/icudt64l/region/es_GT.res" 1157
"../../../Engine/Content/Internationalization/icudt64l/lang/es_HN.res" 1158
"../../../Engine/Content/Internationalization/icudt64l/region/es_HN.res" 1159
"../../../Engine/Content/Internationalization/icudt64l/lang/es_MX.res" 1160
"../../../Engine/Content/Internationalization/icudt64l/region/es_MX.res" 1161
"../../../Engine/Content/Internationalization/icudt64l/lang/es_NI.res" 1162
"../../../Engine/Content/Internationalization/icudt64l/region/es_NI.res" 1163
"../../../Engine/Content/Internationalization/icudt64l/lang/es_PA.res" 1164
"../../../Engine/Content/Internationalization/icudt64l/region/es_PA.res" 1165
"../../../Engine/Content/Internationalization/icudt64l/lang/es_PE.res" 1166
"../../../Engine/Content/Internationalization/icudt64l/region/es_PE.res" 1167
"../../../Engine/Content/Internationalization/icudt64l/lang/es_PR.res" 1168
"../../../Engine/Content/Internationalization/icudt64l/region/es_PR.res" 1169
"../../../Engine/Content/Internationalization/icudt64l/lang/es_PY.res" 1170
"../../../Engine/Content/Internationalization/icudt64l/region/es_PY.res" 1171
"../../../Engine/Content/Internationalization/icudt64l/lang/es_SV.res" 1172
"../../../Engine/Content/Internationalization/icudt64l/region/es_SV.res" 1173
"../../../Engine/Content/Internationalization/icudt64l/lang/es_US.res" 1174
"../../../Engine/Content/Internationalization/icudt64l/region/es_US.res" 1175
"../../../Engine/Content/Internationalization/icudt64l/lang/es_UY.res" 1176
"../../../Engine/Content/Internationalization/icudt64l/region/es_UY.res" 1177
"../../../Engine/Content/Internationalization/icudt64l/lang/es_VE.res" 1178
"../../../Engine/Content/Internationalization/icudt64l/region/es_VE.res" 1179
"../../../Engine/Content/Internationalization/icudt64l/lang/et.res" 1180
"../../../Engine/Content/Internationalization/icudt64l/region/et.res" 1181
"../../../Engine/Content/Internationalization/icudt64l/lang/eu.res" 1182
"../../../Engine/Content/Internationalization/icudt64l/region/eu.res" 1183
"../../../Engine/Content/Internationalization/icudt64l/lang/ewo.res" 1184
"../../../Engine/Content/Internationalization/icudt64l/region/ewo.res" 1185
"../../../Engine/Content/Internationalization/icudt64l/lang/fa.res" 1186
"../../../Engine/Content/Internationalization/icudt64l/lang/fa_AF.res" 1187
"../../../Engine/Content/Internationalization/icudt64l/region/fa_AF.res" 1188
"../../../Engine/Content/Internationalization/icudt64l/region/fa.res" 1189
"../../../Engine/Content/Internationalization/icudt64l/lang/ff.res" 1190
"../../../Engine/Content/Internationalization/icudt64l/lang/ff_Latn.res" 1191
"../../../Engine/Content/Internationalization/icudt64l/region/ff.res" 1192
"../../../Engine/Content/Internationalization/icudt64l/region/ff_Latn.res" 1193
"../../../Engine/Content/Internationalization/icudt64l/lang/ff_CM.res" 1194
"../../../Engine/Content/Internationalization/icudt64l/lang/ff_Latn_CM.res" 1195
"../../../Engine/Content/Internationalization/icudt64l/region/ff_CM.res" 1196
"../../../Engine/Content/Internationalization/icudt64l/region/ff_Latn_CM.res" 1197
"../../../Engine/Content/Internationalization/icudt64l/lang/ff_GN.res" 1198
"../../../Engine/Content/Internationalization/icudt64l/lang/ff_Latn_GN.res" 1199
"../../../Engine/Content/Internationalization/icudt64l/region/ff_GN.res" 1200
"../../../Engine/Content/Internationalization/icudt64l/region/ff_Latn_GN.res" 1201
"../../../Engine/Content/Internationalization/icudt64l/lang/ff_MR.res" 1202
"../../../Engine/Content/Internationalization/icudt64l/lang/ff_Latn_MR.res" 1203
"../../../Engine/Content/Internationalization/icudt64l/region/ff_MR.res" 1204
"../../../Engine/Content/Internationalization/icudt64l/region/ff_Latn_MR.res" 1205
"../../../Engine/Content/Internationalization/icudt64l/lang/ff_SN.res" 1206
"../../../Engine/Content/Internationalization/icudt64l/lang/ff_Latn_SN.res" 1207
"../../../Engine/Content/Internationalization/icudt64l/region/ff_SN.res" 1208
"../../../Engine/Content/Internationalization/icudt64l/region/ff_Latn_SN.res" 1209
"../../../Engine/Content/Internationalization/icudt64l/lang/fi.res" 1210
"../../../Engine/Content/Internationalization/icudt64l/region/fi.res" 1211
"../../../Engine/Content/Internationalization/icudt64l/lang/fil.res" 1212
"../../../Engine/Content/Internationalization/icudt64l/lang/fil_PH.res" 1213
"../../../Engine/Content/Internationalization/icudt64l/region/fil_PH.res" 1214
"../../../Engine/Content/Internationalization/icudt64l/region/fil.res" 1215
"../../../Engine/Content/Internationalization/icudt64l/lang/fo.res" 1216
"../../../Engine/Content/Internationalization/icudt64l/region/fo.res" 1217
"../../../Engine/Content/Internationalization/icudt64l/lang/fr.res" 1218
"../../../Engine/Content/Internationalization/icudt64l/lang/fr_BE.res" 1219
"../../../Engine/Content/Internationalization/icudt64l/region/fr_BE.res" 1220
"../../../Engine/Content/Internationalization/icudt64l/region/fr.res" 1221
"../../../Engine/Content/Internationalization/icudt64l/lang/fr_CA.res" 1222
"../../../Engine/Content/Internationalization/icudt64l/region/fr_CA.res" 1223
"../../../Engine/Content/Internationalization/icudt64l/lang/fr_CH.res" 1224
"../../../Engine/Content/Internationalization/icudt64l/lang/fur.res" 1225
"../../../Engine/Content/Internationalization/icudt64l/region/fur.res" 1226
"../../../Engine/Content/Internationalization/icudt64l/lang/fy.res" 1227
"../../../Engine/Content/Internationalization/icudt64l/region/fy.res" 1228
"../../../Engine/Content/Internationalization/icudt64l/lang/ga.res" 1229
"../../../Engine/Content/Internationalization/icudt64l/region/ga.res" 1230
"../../../Engine/Content/Internationalization/icudt64l/lang/gd.res" 1231
"../../../Engine/Content/Internationalization/icudt64l/region/gd.res" 1232
"../../../Engine/Content/Internationalization/icudt64l/lang/gl.res" 1233
"../../../Engine/Content/Internationalization/icudt64l/region/gl.res" 1234
"../../../Engine/Content/Internationalization/icudt64l/lang/gsw.res" 1235
"../../../Engine/Content/Internationalization/icudt64l/region/gsw.res" 1236
"../../../Engine/Content/Internationalization/icudt64l/lang/gu.res" 1237
"../../../Engine/Content/Internationalization/icudt64l/region/gu.res" 1238
"../../../Engine/Content/Internationalization/icudt64l/lang/guz.res" 1239
"../../../Engine/Content/Internationalization/icudt64l/region/guz.res" 1240
"../../../Engine/Content/Internationalization/icudt64l/lang/gv.res" 1241
"../../../Engine/Content/Internationalization/icudt64l/region/gv.res" 1242
"../../../Engine/Content/Internationalization/icudt64l/lang/ha.res" 1243
"../../../Engine/Content/Internationalization/icudt64l/region/ha.res" 1244
"../../../Engine/Content/Internationalization/icudt64l/lang/ha_NE.res" 1245
"../../../Engine/Content/Internationalization/icudt64l/region/ha_NE.res" 1246
"../../../Engine/Content/Internationalization/icudt64l/lang/haw.res" 1247
"../../../Engine/Content/Internationalization/icudt64l/region/haw.res" 1248
"../../../Engine/Content/Internationalization/icudt64l/lang/he.res" 1249
"../../../Engine/Content/Internationalization/icudt64l/lang/he_IL.res" 1250
"../../../Engine/Content/Internationalization/icudt64l/region/he_IL.res" 1251
"../../../Engine/Content/Internationalization/icudt64l/region/he.res" 1252
"../../../Engine/Content/Internationalization/icudt64l/lang/hi.res" 1253
"../../../Engine/Content/Internationalization/icudt64l/region/hi.res" 1254
"../../../Engine/Content/Internationalization/icudt64l/lang/hr.res" 1255
"../../../Engine/Content/Internationalization/icudt64l/region/hr.res" 1256
"../../../Engine/Content/Internationalization/icudt64l/lang/hsb.res" 1257
"../../../Engine/Content/Internationalization/icudt64l/region/hsb.res" 1258
"../../../Engine/Content/Internationalization/icudt64l/lang/hu.res" 1259
"../../../Engine/Content/Internationalization/icudt64l/region/hu.res" 1260
"../../../Engine/Content/Internationalization/icudt64l/lang/hy.res" 1261
"../../../Engine/Content/Internationalization/icudt64l/region/hy.res" 1262
"../../../Engine/Content/Internationalization/icudt64l/lang/ia.res" 1263
"../../../Engine/Content/Internationalization/icudt64l/region/ia.res" 1264
"../../../Engine/Content/Internationalization/icudt64l/lang/id.res" 1265
"../../../Engine/Content/Internationalization/icudt64l/lang/id_ID.res" 1266
"../../../Engine/Content/Internationalization/icudt64l/region/id_ID.res" 1267
"../../../Engine/Content/Internationalization/icudt64l/region/id.res" 1268
"../../../Engine/Content/Internationalization/icudt64l/lang/ig.res" 1269
"../../../Engine/Content/Internationalization/icudt64l/region/ig.res" 1270
"../../../Engine/Content/Internationalization/icudt64l/lang/ii.res" 1271
"../../../Engine/Content/Internationalization/icudt64l/region/ii.res" 1272
"../../../Engine/Content/Internationalization/icudt64l/lang/is.res" 1273
"../../../Engine/Content/Internationalization/icudt64l/region/is.res" 1274
"../../../Engine/Content/Internationalization/icudt64l/lang/it.res" 1275
"../../../Engine/Content/Internationalization/icudt64l/region/it.res" 1276
"../../../Engine/Content/Internationalization/icudt64l/lang/jgo.res" 1277
"../../../Engine/Content/Internationalization/icudt64l/region/jgo.res" 1278
"../../../Engine/Content/Internationalization/icudt64l/lang/jmc.res" 1279
"../../../Engine/Content/Internationalization/icudt64l/region/jmc.res" 1280
"../../../Engine/Content/Internationalization/icudt64l/lang/jv.res" 1281
"../../../Engine/Content/Internationalization/icudt64l/region/jv.res" 1282
"../../../Engine/Content/Internationalization/icudt64l/lang/ka.res" 1283
"../../../Engine/Content/Internationalization/icudt64l/region/ka.res" 1284
"../../../Engine/Content/Internationalization/icudt64l/lang/kab.res" 1285
"../../../Engine/Content/Internationalization/icudt64l/region/kab.res" 1286
"../../../Engine/Content/Internationalization/icudt64l/lang/kam.res" 1287
"../../../Engine/Content/Internationalization/icudt64l/region/kam.res" 1288
"../../../Engine/Content/Internationalization/icudt64l/lang/kde.res" 1289
"../../../Engine/Content/Internationalization/icudt64l/region/kde.res" 1290
"../../../Engine/Content/Internationalization/icudt64l/lang/kea.res" 1291
"../../../Engine/Content/Internationalization/icudt64l/region/kea.res" 1292
"../../../Engine/Content/Internationalization/icudt64l/lang/khq.res" 1293
"../../../Engine/Content/Internationalization/icudt64l/region/khq.res" 1294
"../../../Engine/Content/Internationalization/icudt64l/lang/ki.res" 1295
"../../../Engine/Content/Internationalization/icudt64l/region/ki.res" 1296
"../../../Engine/Content/Internationalization/icudt64l/lang/kk.res" 1297
"../../../Engine/Content/Internationalization/icudt64l/region/kk.res" 1298
"../../../Engine/Content/Internationalization/icudt64l/lang/kkj.res" 1299
"../../../Engine/Content/Internationalization/icudt64l/region/kkj.res" 1300
"../../../Engine/Content/Internationalization/icudt64l/lang/kl.res" 1301
"../../../Engine/Content/Internationalization/icudt64l/region/kl.res" 1302
"../../../Engine/Content/Internationalization/icudt64l/lang/kln.res" 1303
"../../../Engine/Content/Internationalization/icudt64l/region/kln.res" 1304
"../../../Engine/Content/Internationalization/icudt64l/lang/km.res" 1305
"../../../Engine/Content/Internationalization/icudt64l/region/km.res" 1306
"../../../Engine/Content/Internationalization/icudt64l/lang/kn.res" 1307
"../../../Engine/Content/Internationalization/icudt64l/region/kn.res" 1308
"../../../Engine/Content/Internationalization/icudt64l/lang/ko.res" 1309
"../../../Engine/Content/Internationalization/icudt64l/region/ko_KP.res" 1310
"../../../Engine/Content/Internationalization/icudt64l/region/ko.res" 1311
"../../../Engine/Content/Internationalization/icudt64l/lang/kok.res" 1312
"../../../Engine/Content/Internationalization/icudt64l/region/kok.res" 1313
"../../../Engine/Content/Internationalization/icudt64l/lang/ks.res" 1314
"../../../Engine/Content/Internationalization/icudt64l/region/ks.res" 1315
"../../../Engine/Content/Internationalization/icudt64l/lang/ksb.res" 1316
"../../../Engine/Content/Internationalization/icudt64l/region/ksb.res" 1317
"../../../Engine/Content/Internationalization/icudt64l/lang/ksf.res" 1318
"../../../Engine/Content/Internationalization/icudt64l/region/ksf.res" 1319
"../../../Engine/Content/Internationalization/icudt64l/lang/ksh.res" 1320
"../../../Engine/Content/Internationalization/icudt64l/region/ksh.res" 1321
"../../../Engine/Content/Internationalization/icudt64l/lang/ku.res" 1322
"../../../Engine/Content/Internationalization/icudt64l/region/ku.res" 1323
"../../../Engine/Content/Internationalization/icudt64l/lang/kw.res" 1324
"../../../Engine/Content/Internationalization/icudt64l/region/kw.res" 1325
"../../../Engine/Content/Internationalization/icudt64l/lang/ky.res" 1326
"../../../Engine/Content/Internationalization/icudt64l/region/ky.res" 1327
"../../../Engine/Content/Internationalization/icudt64l/lang/lag.res" 1328
"../../../Engine/Content/Internationalization/icudt64l/region/lag.res" 1329
"../../../Engine/Content/Internationalization/icudt64l/lang/lb.res" 1330
"../../../Engine/Content/Internationalization/icudt64l/region/lb.res" 1331
"../../../Engine/Content/Internationalization/icudt64l/lang/lg.res" 1332
"../../../Engine/Content/Internationalization/icudt64l/region/lg.res" 1333
"../../../Engine/Content/Internationalization/icudt64l/lang/lkt.res" 1334
"../../../Engine/Content/Internationalization/icudt64l/region/lkt.res" 1335
"../../../Engine/Content/Internationalization/icudt64l/lang/ln.res" 1336
"../../../Engine/Content/Internationalization/icudt64l/region/ln.res" 1337
"../../../Engine/Content/Internationalization/icudt64l/lang/lo.res" 1338
"../../../Engine/Content/Internationalization/icudt64l/region/lo.res" 1339
"../../../Engine/Content/Internationalization/icudt64l/lang/lrc.res" 1340
"../../../Engine/Content/Internationalization/icudt64l/region/lrc.res" 1341
"../../../Engine/Content/Internationalization/icudt64l/lang/lt.res" 1342
"../../../Engine/Content/Internationalization/icudt64l/region/lt.res" 1343
"../../../Engine/Content/Internationalization/icudt64l/lang/lu.res" 1344
"../../../Engine/Content/Internationalization/icudt64l/region/lu.res" 1345
"../../../Engine/Content/Internationalization/icudt64l/lang/luo.res" 1346
"../../../Engine/Content/Internationalization/icudt64l/region/luo.res" 1347
"../../../Engine/Content/Internationalization/icudt64l/lang/luy.res" 1348
"../../../Engine/Content/Internationalization/icudt64l/region/luy.res" 1349
"../../../Engine/Content/Internationalization/icudt64l/lang/lv.res" 1350
"../../../Engine/Content/Internationalization/icudt64l/region/lv.res" 1351
"../../../Engine/Content/Internationalization/icudt64l/lang/mas.res" 1352
"../../../Engine/Content/Internationalization/icudt64l/region/mas.res" 1353
"../../../Engine/Content/Internationalization/icudt64l/lang/mer.res" 1354
"../../../Engine/Content/Internationalization/icudt64l/region/mer.res" 1355
"../../../Engine/Content/Internationalization/icudt64l/lang/mfe.res" 1356
"../../../Engine/Content/Internationalization/icudt64l/region/mfe.res" 1357
"../../../Engine/Content/Internationalization/icudt64l/lang/mg.res" 1358
"../../../Engine/Content/Internationalization/icudt64l/region/mg.res" 1359
"../../../Engine/Content/Internationalization/icudt64l/lang/mgh.res" 1360
"../../../Engine/Content/Internationalization/icudt64l/region/mgh.res" 1361
"../../../Engine/Content/Internationalization/icudt64l/lang/mgo.res" 1362
"../../../Engine/Content/Internationalization/icudt64l/region/mgo.res" 1363
"../../../Engine/Content/Internationalization/icudt64l/lang/mi.res" 1364
"../../../Engine/Content/Internationalization/icudt64l/region/mi.res" 1365
"../../../Engine/Content/Internationalization/icudt64l/lang/mk.res" 1366
"../../../Engine/Content/Internationalization/icudt64l/region/mk.res" 1367
"../../../Engine/Content/Internationalization/icudt64l/lang/ml.res" 1368
"../../../Engine/Content/Internationalization/icudt64l/region/ml.res" 1369
"../../../Engine/Content/Internationalization/icudt64l/lang/mn.res" 1370
"../../../Engine/Content/Internationalization/icudt64l/region/mn.res" 1371
"../../../Engine/Content/Internationalization/icudt64l/lang/mr.res" 1372
"../../../Engine/Content/Internationalization/icudt64l/region/mr.res" 1373
"../../../Engine/Content/Internationalization/icudt64l/lang/ms.res" 1374
"../../../Engine/Content/Internationalization/icudt64l/region/ms.res" 1375
"../../../Engine/Content/Internationalization/icudt64l/lang/mt.res" 1376
"../../../Engine/Content/Internationalization/icudt64l/region/mt.res" 1377
"../../../Engine/Content/Internationalization/icudt64l/lang/mua.res" 1378
"../../../Engine/Content/Internationalization/icudt64l/region/mua.res" 1379
"../../../Engine/Content/Internationalization/icudt64l/lang/my.res" 1380
"../../../Engine/Content/Internationalization/icudt64l/region/my.res" 1381
"../../../Engine/Content/Internationalization/icudt64l/lang/mzn.res" 1382
"../../../Engine/Content/Internationalization/icudt64l/region/mzn.res" 1383
"../../../Engine/Content/Internationalization/icudt64l/lang/naq.res" 1384
"../../../Engine/Content/Internationalization/icudt64l/region/naq.res" 1385
"../../../Engine/Content/Internationalization/icudt64l/lang/nb.res" 1386
"../../../Engine/Content/Internationalization/icudt64l/lang/nb_NO.res" 1387
"../../../Engine/Content/Internationalization/icudt64l/region/nb_NO.res" 1388
"../../../Engine/Content/Internationalization/icudt64l/region/nb.res" 1389
"../../../Engine/Content/Internationalization/icudt64l/lang/nd.res" 1390
"../../../Engine/Content/Internationalization/icudt64l/region/nd.res" 1391
"../../../Engine/Content/Internationalization/icudt64l/lang/nds.res" 1392
"../../../Engine/Content/Internationalization/icudt64l/region/nds.res" 1393
"../../../Engine/Content/Internationalization/icudt64l/lang/ne.res" 1394
"../../../Engine/Content/Internationalization/icudt64l/region/ne.res" 1395
"../../../Engine/Content/Internationalization/icudt64l/lang/nl.res" 1396
"../../../Engine/Content/Internationalization/icudt64l/region/nl.res" 1397
"../../../Engine/Content/Internationalization/icudt64l/lang/nmg.res" 1398
"../../../Engine/Content/Internationalization/icudt64l/region/nmg.res" 1399
"../../../Engine/Content/Internationalization/icudt64l/lang/nn.res" 1400
"../../../Engine/Content/Internationalization/icudt64l/lang/nn_NO.res" 1401
"../../../Engine/Content/Internationalization/icudt64l/region/nn_NO.res" 1402
"../../../Engine/Content/Internationalization/icudt64l/region/nn.res" 1403
"../../../Engine/Content/Internationalization/icudt64l/lang/nnh.res" 1404
"../../../Engine/Content/Internationalization/icudt64l/region/nnh.res" 1405
"../../../Engine/Content/Internationalization/icudt64l/lang/nus.res" 1406
"../../../Engine/Content/Internationalization/icudt64l/region/nus.res" 1407
"../../../Engine/Content/Internationalization/icudt64l/lang/nyn.res" 1408
"../../../Engine/Content/Internationalization/icudt64l/region/nyn.res" 1409
"../../../Engine/Content/Internationalization/icudt64l/lang/om.res" 1410
"../../../Engine/Content/Internationalization/icudt64l/region/om.res" 1411
"../../../Engine/Content/Internationalization/icudt64l/lang/or.res" 1412
"../../../Engine/Content/Internationalization/icudt64l/region/or.res" 1413
"../../../Engine/Content/Internationalization/icudt64l/lang/os.res" 1414
"../../../Engine/Content/Internationalization/icudt64l/region/os.res" 1415
"../../../Engine/Content/Internationalization/icudt64l/lang/pa.res" 1416
"../../../Engine/Content/Internationalization/icudt64l/lang/pa_Arab.res" 1417
"../../../Engine/Content/Internationalization/icudt64l/lang/pa_PK.res" 1418
"../../../Engine/Content/Internationalization/icudt64l/lang/pa_Arab_PK.res" 1419
"../../../Engine/Content/Internationalization/icudt64l/region/pa_PK.res" 1420
"../../../Engine/Content/Internationalization/icudt64l/region/pa_Arab_PK.res" 1421
"../../../Engine/Content/Internationalization/icudt64l/region/pa_Arab.res" 1422
"../../../Engine/Content/Internationalization/icudt64l/lang/pa_Guru.res" 1423
"../../../Engine/Content/Internationalization/icudt64l/lang/pa_IN.res" 1424
"../../../Engine/Content/Internationalization/icudt64l/lang/pa_Guru_IN.res" 1425
"../../../Engine/Content/Internationalization/icudt64l/region/pa_IN.res" 1426
"../../../Engine/Content/Internationalization/icudt64l/region/pa_Guru_IN.res" 1427
"../../../Engine/Content/Internationalization/icudt64l/region/pa_Guru.res" 1428
"../../../Engine/Content/Internationalization/icudt64l/region/pa.res" 1429
"../../../Engine/Content/Internationalization/icudt64l/lang/pl.res" 1430
"../../../Engine/Content/Internationalization/icudt64l/region/pl.res" 1431
"../../../Engine/Content/Internationalization/icudt64l/lang/ps.res" 1432
"../../../Engine/Content/Internationalization/icudt64l/region/ps.res" 1433
"../../../Engine/Content/Internationalization/icudt64l/lang/ps_PK.res" 1434
"../../../Engine/Content/Internationalization/icudt64l/region/ps_PK.res" 1435
"../../../Engine/Content/Internationalization/icudt64l/lang/pt.res" 1436
"../../../Engine/Content/Internationalization/icudt64l/lang/pt_AO.res" 1437
"../../../Engine/Content/Internationalization/icudt64l/lang/pt_PT.res" 1438
"../../../Engine/Content/Internationalization/icudt64l/region/pt_AO.res" 1439
"../../../Engine/Content/Internationalization/icudt64l/region/pt_PT.res" 1440
"../../../Engine/Content/Internationalization/icudt64l/region/pt.res" 1441
"../../../Engine/Content/Internationalization/icudt64l/lang/pt_CH.res" 1442
"../../../Engine/Content/Internationalization/icudt64l/region/pt_CH.res" 1443
"../../../Engine/Content/Internationalization/icudt64l/lang/pt_CV.res" 1444
"../../../Engine/Content/Internationalization/icudt64l/region/pt_CV.res" 1445
"../../../Engine/Content/Internationalization/icudt64l/lang/pt_GQ.res" 1446
"../../../Engine/Content/Internationalization/icudt64l/region/pt_GQ.res" 1447
"../../../Engine/Content/Internationalization/icudt64l/lang/pt_GW.res" 1448
"../../../Engine/Content/Internationalization/icudt64l/region/pt_GW.res" 1449
"../../../Engine/Content/Internationalization/icudt64l/lang/pt_LU.res" 1450
"../../../Engine/Content/Internationalization/icudt64l/region/pt_LU.res" 1451
"../../../Engine/Content/Internationalization/icudt64l/lang/pt_MO.res" 1452
"../../../Engine/Content/Internationalization/icudt64l/region/pt_MO.res" 1453
"../../../Engine/Content/Internationalization/icudt64l/lang/pt_MZ.res" 1454
"../../../Engine/Content/Internationalization/icudt64l/region/pt_MZ.res" 1455
"../../../Engine/Content/Internationalization/icudt64l/lang/pt_ST.res" 1456
"../../../Engine/Content/Internationalization/icudt64l/region/pt_ST.res" 1457
"../../../Engine/Content/Internationalization/icudt64l/lang/pt_TL.res" 1458
"../../../Engine/Content/Internationalization/icudt64l/region/pt_TL.res" 1459
"../../../Engine/Content/Internationalization/icudt64l/lang/qu.res" 1460
"../../../Engine/Content/Internationalization/icudt64l/region/qu.res" 1461
"../../../Engine/Content/Internationalization/icudt64l/lang/rm.res" 1462
"../../../Engine/Content/Internationalization/icudt64l/region/rm.res" 1463
"../../../Engine/Content/Internationalization/icudt64l/lang/rn.res" 1464
"../../../Engine/Content/Internationalization/icudt64l/region/rn.res" 1465
"../../../Engine/Content/Internationalization/icudt64l/lang/ro.res" 1466
"../../../Engine/Content/Internationalization/icudt64l/lang/ro_MD.res" 1467
"../../../Engine/Content/Internationalization/icudt64l/region/ro_MD.res" 1468
"../../../Engine/Content/Internationalization/icudt64l/region/ro.res" 1469
"../../../Engine/Content/Internationalization/icudt64l/lang/rof.res" 1470
"../../../Engine/Content/Internationalization/icudt64l/region/rof.res" 1471
"../../../Engine/Content/Internationalization/icudt64l/lang/ru.res" 1472
"../../../Engine/Content/Internationalization/icudt64l/region/ru.res" 1473
"../../../Engine/Content/Internationalization/icudt64l/region/ru_UA.res" 1474
"../../../Engine/Content/Internationalization/icudt64l/lang/rw.res" 1475
"../../../Engine/Content/Internationalization/icudt64l/region/rw.res" 1476
"../../../Engine/Content/Internationalization/icudt64l/lang/rwk.res" 1477
"../../../Engine/Content/Internationalization/icudt64l/region/rwk.res" 1478
"../../../Engine/Content/Internationalization/icudt64l/lang/sah.res" 1479
"../../../Engine/Content/Internationalization/icudt64l/region/sah.res" 1480
"../../../Engine/Content/Internationalization/icudt64l/lang/saq.res" 1481
"../../../Engine/Content/Internationalization/icudt64l/region/saq.res" 1482
"../../../Engine/Content/Internationalization/icudt64l/lang/sbp.res" 1483
"../../../Engine/Content/Internationalization/icudt64l/region/sbp.res" 1484
"../../../Engine/Content/Internationalization/icudt64l/lang/sd.res" 1485
"../../../Engine/Content/Internationalization/icudt64l/region/sd.res" 1486
"../../../Engine/Content/Internationalization/icudt64l/lang/se.res" 1487
"../../../Engine/Content/Internationalization/icudt64l/lang/se_FI.res" 1488
"../../../Engine/Content/Internationalization/icudt64l/region/se_FI.res" 1489
"../../../Engine/Content/Internationalization/icudt64l/region/se.res" 1490
"../../../Engine/Content/Internationalization/icudt64l/lang/seh.res" 1491
"../../../Engine/Content/Internationalization/icudt64l/region/seh.res" 1492
"../../../Engine/Content/Internationalization/icudt64l/lang/ses.res" 1493
"../../../Engine/Content/Internationalization/icudt64l/region/ses.res" 1494
"../../../Engine/Content/Internationalization/icudt64l/lang/sg.res" 1495
"../../../Engine/Content/Internationalization/icudt64l/region/sg.res" 1496
"../../../Engine/Content/Internationalization/icudt64l/lang/shi.res" 1497
"../../../Engine/Content/Internationalization/icudt64l/lang/shi_Latn.res" 1498
"../../../Engine/Content/Internationalization/icudt64l/lang/shi_MA.res" 1499
"../../../Engine/Content/Internationalization/icudt64l/lang/shi_Tfng_MA.res" 1500
"../../../Engine/Content/Internationalization/icudt64l/lang/shi_Tfng.res" 1501
"../../../Engine/Content/Internationalization/icudt64l/region/shi_MA.res" 1502
"../../../Engine/Content/Internationalization/icudt64l/region/shi_Tfng_MA.res" 1503
"../../../Engine/Content/Internationalization/icudt64l/region/shi_Tfng.res" 1504
"../../../Engine/Content/Internationalization/icudt64l/region/shi.res" 1505
"../../../Engine/Content/Internationalization/icudt64l/region/shi_Latn.res" 1506
"../../../Engine/Content/Internationalization/icudt64l/lang/si.res" 1507
"../../../Engine/Content/Internationalization/icudt64l/region/si.res" 1508
"../../../Engine/Content/Internationalization/icudt64l/lang/sk.res" 1509
"../../../Engine/Content/Internationalization/icudt64l/region/sk.res" 1510
"../../../Engine/Content/Internationalization/icudt64l/lang/sl.res" 1511
"../../../Engine/Content/Internationalization/icudt64l/region/sl.res" 1512
"../../../Engine/Content/Internationalization/icudt64l/lang/smn.res" 1513
"../../../Engine/Content/Internationalization/icudt64l/region/smn.res" 1514
"../../../Engine/Content/Internationalization/icudt64l/lang/sn.res" 1515
"../../../Engine/Content/Internationalization/icudt64l/region/sn.res" 1516
"../../../Engine/Content/Internationalization/icudt64l/lang/so.res" 1517
"../../../Engine/Content/Internationalization/icudt64l/region/so.res" 1518
"../../../Engine/Content/Internationalization/icudt64l/lang/sq.res" 1519
"../../../Engine/Content/Internationalization/icudt64l/region/sq.res" 1520
"../../../Engine/Content/Internationalization/icudt64l/lang/sr.res" 1521
"../../../Engine/Content/Internationalization/icudt64l/lang/sr_Cyrl.res" 1522
"../../../Engine/Content/Internationalization/icudt64l/lang/sr_BA.res" 1523
"../../../Engine/Content/Internationalization/icudt64l/lang/sr_Cyrl_BA.res" 1524
"../../../Engine/Content/Internationalization/icudt64l/region/sr_BA.res" 1525
"../../../Engine/Content/Internationalization/icudt64l/region/sr_Cyrl_BA.res" 1526
"../../../Engine/Content/Internationalization/icudt64l/region/sr_Cyrl.res" 1527
"../../../Engine/Content/Internationalization/icudt64l/region/sr.res" 1528
"../../../Engine/Content/Internationalization/icudt64l/lang/sr_ME.res" 1529
"../../../Engine/Content/Internationalization/icudt64l/lang/sr_Latn_ME.res" 1530
"../../../Engine/Content/Internationalization/icudt64l/lang/sr_Latn.res" 1531
"../../../Engine/Content/Internationalization/icudt64l/region/sr_ME.res" 1532
"../../../Engine/Content/Internationalization/icudt64l/region/sr_Latn_ME.res" 1533
"../../../Engine/Content/Internationalization/icudt64l/region/sr_Latn.res" 1534
"../../../Engine/Content/Internationalization/icudt64l/lang/sr_Cyrl_ME.res" 1535
"../../../Engine/Content/Internationalization/icudt64l/region/sr_Cyrl_ME.res" 1536
"../../../Engine/Content/Internationalization/icudt64l/lang/sr_RS.res" 1537
"../../../Engine/Content/Internationalization/icudt64l/lang/sr_Cyrl_RS.res" 1538
"../../../Engine/Content/Internationalization/icudt64l/region/sr_RS.res" 1539
"../../../Engine/Content/Internationalization/icudt64l/region/sr_Cyrl_RS.res" 1540
"../../../Engine/Content/Internationalization/icudt64l/lang/sr_XK.res" 1541
"../../../Engine/Content/Internationalization/icudt64l/lang/sr_Cyrl_XK.res" 1542
"../../../Engine/Content/Internationalization/icudt64l/region/sr_XK.res" 1543
"../../../Engine/Content/Internationalization/icudt64l/region/sr_Cyrl_XK.res" 1544
"../../../Engine/Content/Internationalization/icudt64l/lang/sr_Latn_BA.res" 1545
"../../../Engine/Content/Internationalization/icudt64l/region/sr_Latn_BA.res" 1546
"../../../Engine/Content/Internationalization/icudt64l/lang/sr_Latn_RS.res" 1547
"../../../Engine/Content/Internationalization/icudt64l/region/sr_Latn_RS.res" 1548
"../../../Engine/Content/Internationalization/icudt64l/lang/sr_Latn_XK.res" 1549
"../../../Engine/Content/Internationalization/icudt64l/region/sr_Latn_XK.res" 1550
"../../../Engine/Content/Internationalization/icudt64l/lang/sv.res" 1551
"../../../Engine/Content/Internationalization/icudt64l/region/sv.res" 1552
"../../../Engine/Content/Internationalization/icudt64l/lang/sv_FI.res" 1553
"../../../Engine/Content/Internationalization/icudt64l/lang/sw.res" 1554
"../../../Engine/Content/Internationalization/icudt64l/lang/sw_CD.res" 1555
"../../../Engine/Content/Internationalization/icudt64l/region/sw_CD.res" 1556
"../../../Engine/Content/Internationalization/icudt64l/region/sw.res" 1557
"../../../Engine/Content/Internationalization/icudt64l/lang/sw_KE.res" 1558
"../../../Engine/Content/Internationalization/icudt64l/region/sw_KE.res" 1559
"../../../Engine/Content/Internationalization/icudt64l/lang/ta.res" 1560
"../../../Engine/Content/Internationalization/icudt64l/region/ta.res" 1561
"../../../Engine/Content/Internationalization/icudt64l/lang/te.res" 1562
"../../../Engine/Content/Internationalization/icudt64l/region/te.res" 1563
"../../../Engine/Content/Internationalization/icudt64l/lang/teo.res" 1564
"../../../Engine/Content/Internationalization/icudt64l/region/teo.res" 1565
"../../../Engine/Content/Internationalization/icudt64l/lang/tg.res" 1566
"../../../Engine/Content/Internationalization/icudt64l/region/tg.res" 1567
"../../../Engine/Content/Internationalization/icudt64l/lang/th.res" 1568
"../../../Engine/Content/Internationalization/icudt64l/lang/th_TH.res" 1569
"../../../Engine/Content/Internationalization/icudt64l/region/th_TH.res" 1570
"../../../Engine/Content/Internationalization/icudt64l/region/th.res" 1571
"../../../Engine/Content/Internationalization/icudt64l/lang/ti.res" 1572
"../../../Engine/Content/Internationalization/icudt64l/region/ti.res" 1573
"../../../Engine/Content/Internationalization/icudt64l/lang/tk.res" 1574
"../../../Engine/Content/Internationalization/icudt64l/region/tk.res" 1575
"../../../Engine/Content/Internationalization/icudt64l/lang/to.res" 1576
"../../../Engine/Content/Internationalization/icudt64l/region/to.res" 1577
"../../../Engine/Content/Internationalization/icudt64l/lang/tr.res" 1578
"../../../Engine/Content/Internationalization/icudt64l/region/tr.res" 1579
"../../../Engine/Content/Internationalization/icudt64l/lang/tt.res" 1580
"../../../Engine/Content/Internationalization/icudt64l/region/tt.res" 1581
"../../../Engine/Content/Internationalization/icudt64l/lang/twq.res" 1582
"../../../Engine/Content/Internationalization/icudt64l/region/twq.res" 1583
"../../../Engine/Content/Internationalization/icudt64l/lang/tzm.res" 1584
"../../../Engine/Content/Internationalization/icudt64l/region/tzm.res" 1585
"../../../Engine/Content/Internationalization/icudt64l/lang/ug.res" 1586
"../../../Engine/Content/Internationalization/icudt64l/region/ug.res" 1587
"../../../Engine/Content/Internationalization/icudt64l/lang/uk.res" 1588
"../../../Engine/Content/Internationalization/icudt64l/region/uk.res" 1589
"../../../Engine/Content/Internationalization/icudt64l/lang/ur.res" 1590
"../../../Engine/Content/Internationalization/icudt64l/lang/ur_IN.res" 1591
"../../../Engine/Content/Internationalization/icudt64l/region/ur_IN.res" 1592
"../../../Engine/Content/Internationalization/icudt64l/region/ur.res" 1593
"../../../Engine/Content/Internationalization/icudt64l/lang/uz.res" 1594
"../../../Engine/Content/Internationalization/icudt64l/lang/uz_Arab.res" 1595
"../../../Engine/Content/Internationalization/icudt64l/lang/uz_AF.res" 1596
"../../../Engine/Content/Internationalization/icudt64l/lang/uz_Arab_AF.res" 1597
"../../../Engine/Content/Internationalization/icudt64l/region/uz_AF.res" 1598
"../../../Engine/Content/Internationalization/icudt64l/region/uz_Arab_AF.res" 1599
"../../../Engine/Content/Internationalization/icudt64l/region/uz_Arab.res" 1600
"../../../Engine/Content/Internationalization/icudt64l/lang/uz_Cyrl.res" 1601
"../../../Engine/Content/Internationalization/icudt64l/lang/uz_UZ.res" 1602
"../../../Engine/Content/Internationalization/icudt64l/lang/uz_Latn_UZ.res" 1603
"../../../Engine/Content/Internationalization/icudt64l/lang/uz_Latn.res" 1604
"../../../Engine/Content/Internationalization/icudt64l/region/uz_UZ.res" 1605
"../../../Engine/Content/Internationalization/icudt64l/region/uz_Latn_UZ.res" 1606
"../../../Engine/Content/Internationalization/icudt64l/region/uz_Latn.res" 1607
"../../../Engine/Content/Internationalization/icudt64l/region/uz.res" 1608
"../../../Engine/Content/Internationalization/icudt64l/region/uz_Cyrl.res" 1609
"../../../Engine/Content/Internationalization/icudt64l/lang/vai.res" 1610
"../../../Engine/Content/Internationalization/icudt64l/lang/vai_Latn.res" 1611
"../../../Engine/Content/Internationalization/icudt64l/lang/vai_LR.res" 1612
"../../../Engine/Content/Internationalization/icudt64l/lang/vai_Vaii_LR.res" 1613
"../../../Engine/Content/Internationalization/icudt64l/lang/vai_Vaii.res" 1614
"../../../Engine/Content/Internationalization/icudt64l/region/vai_LR.res" 1615
"../../../Engine/Content/Internationalization/icudt64l/region/vai_Vaii_LR.res" 1616
"../../../Engine/Content/Internationalization/icudt64l/region/vai_Vaii.res" 1617
"../../../Engine/Content/Internationalization/icudt64l/region/vai.res" 1618
"../../../Engine/Content/Internationalization/icudt64l/region/vai_Latn.res" 1619
"../../../Engine/Content/Internationalization/icudt64l/lang/vi.res" 1620
"../../../Engine/Content/Internationalization/icudt64l/region/vi.res" 1621
"../../../Engine/Content/Internationalization/icudt64l/lang/vun.res" 1622
"../../../Engine/Content/Internationalization/icudt64l/region/vun.res" 1623
"../../../Engine/Content/Internationalization/icudt64l/lang/wae.res" 1624
"../../../Engine/Content/Internationalization/icudt64l/region/wae.res" 1625
"../../../Engine/Content/Internationalization/icudt64l/lang/wo.res" 1626
"../../../Engine/Content/Internationalization/icudt64l/region/wo.res" 1627
"../../../Engine/Content/Internationalization/icudt64l/lang/xh.res" 1628
"../../../Engine/Content/Internationalization/icudt64l/region/xh.res" 1629
"../../../Engine/Content/Internationalization/icudt64l/lang/xog.res" 1630
"../../../Engine/Content/Internationalization/icudt64l/region/xog.res" 1631
"../../../Engine/Content/Internationalization/icudt64l/lang/yav.res" 1632
"../../../Engine/Content/Internationalization/icudt64l/region/yav.res" 1633
"../../../Engine/Content/Internationalization/icudt64l/lang/yi.res" 1634
"../../../Engine/Content/Internationalization/icudt64l/region/yi.res" 1635
"../../../Engine/Content/Internationalization/icudt64l/lang/yo.res" 1636
"../../../Engine/Content/Internationalization/icudt64l/lang/yo_BJ.res" 1637
"../../../Engine/Content/Internationalization/icudt64l/region/yo_BJ.res" 1638
"../../../Engine/Content/Internationalization/icudt64l/region/yo.res" 1639
"../../../Engine/Content/Internationalization/icudt64l/lang/yue.res" 1640
"../../../Engine/Content/Internationalization/icudt64l/lang/yue_Hans.res" 1641
"../../../Engine/Content/Internationalization/icudt64l/lang/yue_CN.res" 1642
"../../../Engine/Content/Internationalization/icudt64l/lang/yue_Hans_CN.res" 1643
"../../../Engine/Content/Internationalization/icudt64l/region/yue_CN.res" 1644
"../../../Engine/Content/Internationalization/icudt64l/region/yue_Hans_CN.res" 1645
"../../../Engine/Content/Internationalization/icudt64l/region/yue_Hans.res" 1646
"../../../Engine/Content/Internationalization/icudt64l/lang/yue_Hant.res" 1647
"../../../Engine/Content/Internationalization/icudt64l/lang/yue_HK.res" 1648
"../../../Engine/Content/Internationalization/icudt64l/lang/yue_Hant_HK.res" 1649
"../../../Engine/Content/Internationalization/icudt64l/region/yue_HK.res" 1650
"../../../Engine/Content/Internationalization/icudt64l/region/yue_Hant_HK.res" 1651
"../../../Engine/Content/Internationalization/icudt64l/region/yue_Hant.res" 1652
"../../../Engine/Content/Internationalization/icudt64l/region/yue.res" 1653
"../../../Engine/Content/Internationalization/icudt64l/lang/zgh.res" 1654
"../../../Engine/Content/Internationalization/icudt64l/region/zgh.res" 1655
"../../../Engine/Content/Internationalization/icudt64l/lang/zh.res" 1656
"../../../Engine/Content/Internationalization/icudt64l/lang/zh_Hans.res" 1657
"../../../Engine/Content/Internationalization/icudt64l/lang/zh_CN.res" 1658
"../../../Engine/Content/Internationalization/icudt64l/lang/zh_Hans_CN.res" 1659
"../../../Engine/Content/Internationalization/icudt64l/region/zh_CN.res" 1660
"../../../Engine/Content/Internationalization/icudt64l/region/zh_Hans_CN.res" 1661
"../../../Engine/Content/Internationalization/icudt64l/region/zh_Hans.res" 1662
"../../../Engine/Content/Internationalization/icudt64l/region/zh.res" 1663
"../../../Engine/Content/Internationalization/icudt64l/lang/zh_HK.res" 1664
"../../../Engine/Content/Internationalization/icudt64l/lang/zh_Hant_HK.res" 1665
"../../../Engine/Content/Internationalization/icudt64l/lang/zh_Hant.res" 1666
"../../../Engine/Content/Internationalization/icudt64l/region/zh_HK.res" 1667
"../../../Engine/Content/Internationalization/icudt64l/region/zh_Hant_HK.res" 1668
"../../../Engine/Content/Internationalization/icudt64l/region/zh_Hant.res" 1669
"../../../Engine/Content/Internationalization/icudt64l/lang/zh_MO.res" 1670
"../../../Engine/Content/Internationalization/icudt64l/lang/zh_Hant_MO.res" 1671
"../../../Engine/Content/Internationalization/icudt64l/region/zh_MO.res" 1672
"../../../Engine/Content/Internationalization/icudt64l/region/zh_Hant_MO.res" 1673
"../../../Engine/Content/Internationalization/icudt64l/lang/zh_SG.res" 1674
"../../../Engine/Content/Internationalization/icudt64l/lang/zh_Hans_SG.res" 1675
"../../../Engine/Content/Internationalization/icudt64l/region/zh_SG.res" 1676
"../../../Engine/Content/Internationalization/icudt64l/region/zh_Hans_SG.res" 1677
"../../../Engine/Content/Internationalization/icudt64l/lang/zh_TW.res" 1678
"../../../Engine/Content/Internationalization/icudt64l/lang/zh_Hant_TW.res" 1679
"../../../Engine/Content/Internationalization/icudt64l/region/zh_TW.res" 1680
"../../../Engine/Content/Internationalization/icudt64l/region/zh_Hant_TW.res" 1681
"../../../Engine/Content/Internationalization/icudt64l/lang/zu.res" 1682
"../../../Engine/Content/Internationalization/icudt64l/region/zu.res" 1683
"../../../Engine/Content/Internationalization/icudt64l/lang/no.res" 1684
"../../../Engine/Content/Internationalization/icudt64l/lang/tl.res" 1685
"../../../Engine/Config/Android/DataDrivenPlatformInfo.ini" 1686
"../../../Engine/Config/HoloLens/DataDrivenPlatformInfo.ini" 1687
"../../../Engine/Config/IOS/DataDrivenPlatformInfo.ini" 1688
"../../../Engine/Config/Linux/DataDrivenPlatformInfo.ini" 1689
"../../../Engine/Config/LinuxArm64/DataDrivenPlatformInfo.ini" 1690
"../../../Engine/Config/Mac/DataDrivenPlatformInfo.ini" 1691
"../../../Engine/Config/TVOS/DataDrivenPlatformInfo.ini" 1692
"../../../Engine/Config/Unix/DataDrivenPlatformInfo.ini" 1693
"../../../Engine/Config/VulkanPC/DataDrivenPlatformInfo.ini" 1694
"../../../Engine/Config/Windows/DataDrivenPlatformInfo.ini" 1695
"../../../Engine/DerivedDataCache/Compressed.ddp" 1696
"C:/Users/kbc12306133/AppData/Local/UnrealEngine/Common/DerivedDataCache/TestData/0/TestData_4kb.dat" 1697
"C:/Users/kbc12306133/AppData/Local/UnrealEngine/Common/DerivedDataCache/TestData/1/TestData_4kb.dat" 1698
"C:/Users/kbc12306133/AppData/Local/UnrealEngine/Common/DerivedDataCache/TestData/0/TestData_8kb.dat" 1699
"C:/Users/kbc12306133/AppData/Local/UnrealEngine/Common/DerivedDataCache/TestData/1/TestData_8kb.dat" 1700
"C:/Users/kbc12306133/AppData/Local/UnrealEngine/Common/DerivedDataCache/TestData/0/TestData_16kb.dat" 1701
"C:/Users/kbc12306133/AppData/Local/UnrealEngine/Common/DerivedDataCache/TestData/1/TestData_16kb.dat" 1702
"C:/Users/kbc12306133/AppData/Local/UnrealEngine/Common/DerivedDataCache/TestData/0/TestData_64kb.dat" 1703
"C:/Users/kbc12306133/AppData/Local/UnrealEngine/Common/DerivedDataCache/TestData/1/TestData_64kb.dat" 1704
"C:/Users/kbc12306133/AppData/Local/UnrealEngine/Common/DerivedDataCache/TestData/0/TestData_128kb.dat" 1705
"C:/Users/kbc12306133/AppData/Local/UnrealEngine/Common/DerivedDataCache/TestData/1/TestData_128kb.dat" 1706
"C:/Users/kbc12306133/AppData/Local/UnrealEngine/Common/DerivedDataCache/TestData/0/TestData_256kb.dat" 1707
"C:/Users/kbc12306133/AppData/Local/UnrealEngine/Common/DerivedDataCache/TestData/1/TestData_256kb.dat" 1708
"../../../Engine/Shaders/Private/HairStrands/HairStrandsVertexFactory.ush" 1709
"../../../Engine/Shaders/Private/VertexFactoryCommon.ush" 1710
"../../../Engine/Shaders/Private/Common.ush" 1711
"../../../Engine/Shaders/Public/Platform.ush" 1712
"../../../Engine/Shaders/Public/FP16Math.ush" 1713
"../../../Engine/Shaders/Public/Platform/D3D/D3DCommon.ush" 1714
"../../../Engine/Shaders/Public/BindlessResources.ush" 1715
"../../../Engine/Shaders/Public/ShaderVersion.ush" 1716
"../../../Engine/Shaders/Private/GeneratedUniformBufferTypes.ush" 1717
"../../../Engine/Shaders/Private/Nanite/NanitePackedNaniteView.ush" 1718
"../../../Engine/Shaders/Private/HairStrands/HairStrandsVisibilityCommonStruct.ush" 1719
"../../../Engine/Shaders/Private/HairStrands/HairStrandsVoxelPageCommonStruct.ush" 1720
"../../../Engine/Shaders/Private/HairStrands/HairStrandsDeepShadowCommonStruct.ush" 1721
"../../../Engine/Shaders/Private/CommonViewUniformBuffer.ush" 1722
"../../../Engine/Shaders/Private/LargeWorldCoordinates.ush" 1723
"../../../Engine/Shaders/Private/LWCOperations.ush" 1724
"../../../Engine/Shaders/Private/InstancedStereo.ush" 1725
"../../../Engine/Shaders/Private/Definitions.usf" 1726
"../../../Engine/Shaders/Private/AssertionMacros.ush" 1727
"../../../Engine/Shaders/Private/FastMath.ush" 1728
"../../../Engine/Shaders/Private/FastMathThirdParty.ush" 1729
"../../../Engine/Shaders/Private/Random.ush" 1730
"../../../Engine/Shaders/Private/SceneData.ush" 1731
"../../../Engine/Shaders/Private/OctahedralCommon.ush" 1732
"../../../Engine/Shaders/Private/LocalVertexFactoryCommon.ush" 1733
"../../../Engine/Shaders/Private/HairStrands/HairStrandsVisibilityCommon.ush" 1734
"../../../Engine/Shaders/Private/HairStrands/HairStrandsVertexFactoryCommon.ush" 1735
"../../../Engine/Shaders/Private/HairStrands/HairStrandsAttributeCommon.ush" 1736
"../../../Engine/Shaders/Private/VertexFactoryDefaultInterface.ush" 1737
"../../../Engine/Shaders/Private/HairStrands/HairCardsVertexFactory.ush" 1738
"../../../Engine/Shaders/Private/HairStrands/HairCardsAttributeCommon.ush" 1739
"../../../Engine/Shaders/Private/RayTracing/RayTracingCommon.ush" 1740
"../../../Engine/Shaders/Private/ShadingCommon.ush" 1741
"../../../Engine/Shaders/Shared/RayTracingDefinitions.h" 1742
"../../../Engine/Shaders/Private/Strata/Strata.ush" 1743
"../../../Engine/Shaders/Private/ShadingEnergyConservation.ush" 1744
"../../../Engine/Shaders/Private/ShadingEnergyConservationTemplate.ush" 1745
"../../../Engine/Shaders/Private/BRDF.ush" 1746
"../../../Engine/Shaders/Private/ColorSpace.ush" 1747
"../../../Engine/Shaders/Private/DeferredShadingCommon.ush" 1748
"../../../Engine/Shaders/Private/LightAccumulator.ush" 1749
"../../../Engine/Shaders/Private/SceneTexturesCommon.ush" 1750
"../../../Engine/Shaders/Private/MonteCarlo.ush" 1751
"../../../Engine/Shaders/Private/GBufferHelpers.ush" 1752
"../../../Engine/Shaders/Private/SceneTextureParameters.ush" 1753
"C:/Project_T/Intermediate/ShaderAutogen/PCD3D_SM5/AutogenShaderHeaders.ush" 1754
"../../../Engine/Shaders/Private/ParticipatingMediaCommon.ush" 1755
"../../../Engine/Shaders/Private/ThinFilmBSDF.ush" 1756
"../../../Engine/Shaders/Private/MortonCode.ush" 1757
"../../../Engine/Shaders/Private/SubsurfaceProfileCommon.ush" 1758
"../../../Engine/Shaders/Private/BurleyNormalizedSSSCommon.ush" 1759
"../../../Engine/Shaders/Shared/StrataDefinitions.h" 1760
"../../../Engine/Shaders/Private/Strata/StrataStatisticalOperators.ush" 1761
"../../../Engine/Shaders/Private/PositionReconstructionCommon.ush" 1762
"../../../Engine/Shaders/Private/RayTracing/RayTracingHitGroupCommon.ush" 1763
"../../../Engine/Shaders/Shared/RayTracingBuiltInResources.h" 1764
"../../../Engine/Plugins/FX/Niagara/Shaders/Private/NiagaraSpriteVertexFactory.ush" 1765
"../../../Engine/Shaders/Private/ParticleVertexFactoryCommon.ush" 1766
"../../../Engine/Plugins/FX/Niagara/Shaders/Private/NiagaraVFCommon.usf" 1767
"../../../Engine/Plugins/FX/Niagara/Shaders/Private/NiagaraVFParticleAccess.usf" 1768
"../../../Engine/Plugins/FX/Niagara/Shaders/Private/NiagaraParticleAccess.ush" 1769
"../../../Engine/Plugins/FX/Niagara/Shaders/Private/NiagaraRibbonVertexFactory.ush" 1770
"../../../Engine/Plugins/FX/Niagara/Shaders/Private/NiagaraMeshVertexFactory.ush" 1771
"../../../Engine/Plugins/FX/Niagara/Shaders/Private/NiagaraCommon.ush" 1772
"../../../Engine/Plugins/FX/Niagara/Shaders/Private/NiagaraMeshParticleUtils.ush" 1773
"../../../Engine/Shaders/Private/VectorFieldVisualizationVertexFactory.ush" 1774
"../../../Engine/Shaders/Private/Nanite/NaniteVertexFactory.ush" 1775
"../../../Engine/Shaders/Private/LightmapData.ush" 1776
"../../../Engine/Shaders/Private/Nanite/NaniteDataDecode.ush" 1777
"../../../Engine/Shaders/Private/BitPacking.ush" 1778
"../../../Engine/Shaders/Private/BitStreamReaderImplementation.ush" 1779
"../../../Engine/Shaders/Shared/NaniteDefinitions.h" 1780
"../../../Engine/Shaders/Private/Nanite/NaniteAttributeDecode.ush" 1781
"../../../Engine/Shaders/Public/WaveBroadcastIntrinsics.ush" 1782
"../../../Engine/Shaders/Private/ParticleSpriteVertexFactory.ush" 1783
"../../../Engine/Shaders/Private/ParticleGPUSpriteVertexFactory.ush" 1784
"../../../Engine/Shaders/Private/ParticleBeamTrailVertexFactory.ush" 1785
"../../../Engine/Shaders/Private/MeshParticleVertexFactory.ush" 1786
"../../../Engine/Shaders/Private/LocalVertexFactory.ush" 1787
"../../../Engine/Shaders/Private/GpuSkinCommon.ush" 1788
"../../../Engine/Shaders/Private/GpuSkinVertexFactory.ush" 1789
"../../../Engine/Shaders/Private/GeometryCollectionVertexFactory.ush" 1790
"../../../Engine/Shaders/Private/GeometryCacheVertexFactory.ush" 1791
"../../../Engine/Shaders/Private/LandscapeVertexFactory.ush" 1792
"../../../Engine/Plugins/Media/WmfMedia/Shaders/Private/MediaHardwareVideoDecoding.usf" 1793
"../../../Engine/Shaders/Private/GammaCorrectionCommon.ush" 1794
"../../../Engine/Shaders/Private/ColorUtils.ush" 1795
"../../../Engine/Plugins/Media/ImgMedia/Shaders/Private/ExrSwizzler.usf" 1796
"../../../Engine/Plugins/Enterprise/GLTFExporter/Shaders/Private/SimpleTexture2DPS.usf" 1797
"../../../Engine/Shaders/Private/SimpleElementNormalMapPixelShader.usf" 1798
"../../../Engine/Plugins/Enterprise/GLTFExporter/Shaders/Private/CubemapFacePS.usf" 1799
"../../../Engine/Plugins/Enterprise/GLTFExporter/Shaders/Private/CombinedTexturePS.usf" 1800
"../../../Engine/Plugins/Runtime/HairStrands/Shaders/Private/NiagaraCopyVelocityGrid.usf" 1801
"../../../Engine/Plugins/Runtime/HairStrands/Shaders/Private/NiagaraClearVelocityGrid.usf" 1802
"../../../Engine/Plugins/Runtime/HairStrands/Shaders/Private/NiagaraClearPressureGrid.usf" 1803
"../../../Engine/Plugins/Runtime/HairStrands/Shaders/Private/NiagaraInterpolateGroomGuides.usf" 1804
"../../../Engine/Plugins/Runtime/HairStrands/Shaders/Private/NiagaraGroomInterpolationUtils.ush" 1805
"../../../Engine/Plugins/FX/Niagara/Shaders/Private/NiagaraQuaternionUtils.ush" 1806
"../../../Engine/Shaders/Private/HairStrands/HairStrandsClusterCulling.usf" 1807
"../../../Engine/Shaders/Private/ColorMap.ush" 1808
"../../../Engine/Shaders/Private/HairStrands/HairStrandsAABBCommon.ush" 1809
"../../../Engine/Shaders/Private/HairStrands/HairStrandsClusterCommon.ush" 1810
"../../../Engine/Shaders/Private/ShaderPrint.ush" 1811
"../../../Engine/Shaders/Private/ShaderPrintCommon.ush" 1812
"../../../Engine/Shaders/Private/MiniFontCommon.ush" 1813
"../../../Engine/Shaders/Private/HairStrands/HairStrandsRaytracingGeometry.usf" 1814
"../../../Engine/Shaders/Private/HairStrands/HairStrandsTangent.usf" 1815
"../../../Engine/Shaders/Private/HairStrands/HairCardsDeformation.usf" 1816
"../../../Engine/Shaders/Private/HairStrands/HairStrandsMeshProjectionCommon.ush" 1817
"../../../Engine/Shaders/Private/HairStrands/HairStrandsInterpolation.usf" 1818
"../../../Engine/Shaders/Private/HairStrands/HairStrandsGuideDeform.usf" 1819
"../../../Engine/Shaders/Private/HairStrands/HairStrandsMesh.usf" 1820
"../../../Engine/Shaders/Private/HairStrands/HairStrandsFollicleMask.usf" 1821
"../../../Engine/Shaders/Private/HairStrands/HairStrandsSkinUpdate.usf" 1822
"../../../Engine/Shaders/Private/HairStrands/HairCardsGeneration.usf" 1823
"../../../Engine/Shaders/Private/HairStrands/HairCardsTextureCommon.ush" 1824
"../../../Engine/Shaders/Private/HairStrands/HairStrandsTexturesGeneration.usf" 1825
"../../../Engine/Shaders/Private/HairStrands/HairStrandsDebug.usf" 1826
"../../../Engine/Shaders/Private/PostProcessCommon.ush" 1827
"../../../Engine/Shaders/Private/Matrices.ush" 1828
"../../../Engine/Shaders/Private/ShadingModels.ush" 1829
"../../../Engine/Shaders/Private/CapsuleLight.ush" 1830
"../../../Engine/Shaders/Private/RectLight.ush" 1831
"../../../Engine/Shaders/Private/AreaLightCommon.ush" 1832
"../../../Engine/Shaders/Private/TransmissionCommon.ush" 1833
"../../../Engine/Shaders/Private/HairBsdf.ush" 1834
"../../../Engine/Shaders/Private/HairShadingCommon.ush" 1835
"../../../Engine/Shaders/Private/MobileGGX.ush" 1836
"../../../Engine/Shaders/Private/HairStrands/HairStrandsCommon.ush" 1837
"../../../Engine/Shaders/Private/HairStrands/HairStrandsEnvironmentLightingCommon.ush" 1838
"../../../Engine/Shaders/Private/HairStrands/HairStrandsDeepShadowCommon.ush" 1839
"../../../Engine/Shaders/Private/HairStrands/HairStrandsDeepTransmittanceCommon.ush" 1840
"../../../Engine/Shaders/Private/HairStrands/HairStrandsDeepTransmittanceDualScattering.ush" 1841
"../../../Engine/Shaders/Private/HairStrands/HairStrandsDebugCommonStruct.ush" 1842
"../../../Engine/Plugins/FX/Niagara/Shaders/Private/NiagaraFillIntBuffer.usf" 1843
"../../../Engine/Plugins/FX/Niagara/Shaders/Private/NiagaraComputeFreeIDs.usf" 1844
"../../../Engine/Plugins/FX/Niagara/Shaders/Private/NiagaraInitFreeIDBuffer.usf" 1845
"../../../Engine/Plugins/FX/Niagara/Shaders/Private/NiagaraEmitterInstanceShader.usf" 1846
"../../../Engine/Plugins/FX/Niagara/Shaders/Private/NiagaraShaderVersion.ush" 1847
"../../../Engine/Shaders/Private/DistanceField/GlobalDistanceFieldShared.ush" 1848
"../../../Engine/Plugins/FX/Niagara/Shaders/Private/NiagaraPhysicsCommon.ush" 1849
"../../../Engine/Plugins/FX/Niagara/Shaders/Private/Ribbons/NiagaraRibbonGenerateIndices.usf" 1850
"../../../Engine/Plugins/FX/Niagara/Shaders/Private/Ribbons/NiagaraRibbonCommon.ush" 1851
"../../../Engine/Plugins/FX/Niagara/Shaders/Private/Ribbons/NiagaraRibbonInitializeIndices.usf" 1852
"../../../Engine/Plugins/FX/Niagara/Shaders/Private/Ribbons/NiagaraRibbonRibbonUVParamCalculation.usf" 1853
"../../../Engine/Plugins/FX/Niagara/Shaders/Private/Ribbons/NiagaraRibbonVertexReductionFinalization.usf" 1854
"../../../Engine/Plugins/FX/Niagara/Shaders/Private/Ribbons/NiagaraRibbonVertexReductionPropagation.usf" 1855
"../../../Engine/Plugins/FX/Niagara/Shaders/Private/Ribbons/NiagaraRibbonVertexReductionInitialization.usf" 1856
"../../../Engine/Plugins/FX/Niagara/Shaders/Private/Ribbons/NiagaraRibbonSortParticles.usf" 1857
"../../../Engine/Plugins/FX/Niagara/Shaders/Private/NiagaraUpdateMeshGPUSceneInstances.usf" 1858
"../../../Engine/Shaders/Private/ComputeShaderUtils.ush" 1859
"../../../Engine/Shaders/Private/GPUScene/GPUSceneWriter.ush" 1860
"../../../Engine/Plugins/FX/Niagara/Shaders/Private/NiagaraGenerateMips.usf" 1861
"../../../Engine/Plugins/FX/Niagara/Shaders/Private/NiagaraDebugDraw.usf" 1862
"../../../Engine/Plugins/FX/Niagara/Shaders/Private/NiagaraDebugDraw.ush" 1863
"../../../Engine/Plugins/FX/Niagara/Shaders/Private/NiagaraVisualizeTexture.usf" 1864
"../../../Engine/Plugins/FX/Niagara/Shaders/Private/NiagaraClearCounts.usf" 1865
"../../../Engine/Plugins/FX/Niagara/Shaders/Private/NiagaraBatchedElements.usf" 1866
"../../../Engine/Plugins/FX/Niagara/Shaders/Private/NiagaraRayTracingShaders.usf" 1867
"../../../Engine/Plugins/FX/Niagara/Shaders/Private/NiagaraAsyncGpuTraceCommon.ush" 1868
"../../../Engine/Shaders/Private/HashTable.ush" 1869
"../../../Engine/Shaders/Private/Hash.ush" 1870
"../../../Engine/Shaders/Private/RayTracing/VFXTraceRay.ush" 1871
"../../../Engine/Plugins/FX/Niagara/Shaders/Private/NiagaraRayMarchingShaders.usf" 1872
"../../../Engine/Plugins/FX/Niagara/Shaders/Private/NiagaraRayTraceCollisionGroupShaders.usf" 1873
"../../../Engine/Plugins/FX/Niagara/Shaders/Private/NiagaraAsyncGpuTraceUtils.usf" 1874
"../../../Engine/Plugins/FX/Niagara/Shaders/Private/NiagaraSortKeyGen.usf" 1875
"../../../Engine/Plugins/FX/Niagara/Shaders/Private/NiagaraGPURayTracingTransforms.usf" 1876
"../../../Engine/Plugins/FX/Niagara/Shaders/Private/NiagaraDrawIndirectArgsGen.usf" 1877
"../../../Engine/Shaders/Private/SlateElementPixelShader.usf" 1878
"../../../Engine/Shaders/Private/SlateShaderCommon.ush" 1879
"../../../Engine/Shaders/Private/MaterialTemplate.ush" 1880
"../../../Engine/Shaders/Private/EyeAdaptationCommon.ush" 1881
"../../../Engine/Shaders/Private/SobolRandom.ush" 1882
"../../../Engine/Shaders/Private/DepthOfFieldCommon.ush" 1883
"../../../Engine/Shaders/Private/CircleDOFCommon.ush" 1884
"../../../Engine/Shaders/Private/PhysicsFieldSampler.ush" 1885
"../../../Engine/Shaders/Private/PhysicsFieldShared.ush" 1886
"../../../Engine/Shaders/Private/SpeedTreeCommon.ush" 1887
"../../../Engine/Shaders/Private/VirtualTextureCommon.ush" 1888
"../../../Engine/Shaders/Private/MaterialTexture.ush" 1889
"../../../Engine/Shaders/Private/MinMaterialTexCoords.ush" 1890
"../../../Engine/Shaders/Private/SkyAtmosphereCommon.ush" 1891
"../../../Engine/Shaders/Private/SingleLayerWaterCommon.ush" 1892
"../../../Engine/Shaders/Private/TextureSampling.ush" 1893
"../../../Engine/Shaders/Private/PaniniProjection.ush" 1894
"../../../Engine/Shaders/Private/DBufferNormalReprojection.ush" 1895
"../../../Engine/Shaders/Private/Strata/StrataTree.ush" 1896
"../../../Engine/Shaders/Private/Strata/StrataEvaluation.ush" 1897
"../../../Engine/Shaders/Private/SHCommon.ush" 1898
"../../../Engine/Shaders/Private/ShadingModelsSampling.ush" 1899
"../../../Engine/Shaders/Private/HairStrands/HairBsdfSample.ush" 1900
"../../../Engine/Shaders/Private/Strata/StrataLegacyConversion.ush" 1901
"../../../Engine/Shaders/Private/DBufferDecalShared.ush" 1902
"../../../Engine/Shaders/Private/CompositeUIPixelShader.usf" 1903
"../../../Engine/Shaders/Private/TonemapCommon.ush" 1904
"../../../Engine/Shaders/Private/ACES.ush" 1905
"../../../Engine/Shaders/Private/ColorDeficiency.ush" 1906
"../../../Engine/Shaders/Private/SlateMaskingShader.usf" 1907
"../../../Engine/Shaders/Private/SlatePostProcessColorDeficiencyPixelShader.usf" 1908
"../../../Engine/Shaders/Private/SlatePostProcessPixelShader.usf" 1909
"../../../Engine/Shaders/Private/SlateVertexShader.usf" 1910
"../../../Engine/Shaders/Private/TranslucentLightingShaders.usf" 1911
"../../../Engine/Shaders/Private/ShadowProjectionCommon.ush" 1912
"../../../Engine/Shaders/Private/CubemapCommon.ush" 1913
"../../../Engine/Shaders/Private/VectorFieldCompositeShaders.usf" 1914
"../../../Engine/Shaders/Private/UpdateTextureShaders.usf" 1915
"../../../Engine/Shaders/Private/StereoLayerShader.usf" 1916
"../../../Engine/Shaders/Private/MorphTargets.usf" 1917
"../../../Engine/Shaders/Private/SimpleElementColorChannelMaskPixelShader.usf" 1918
"../../../Engine/Shaders/Private/SimpleElementHitProxyPixelShader.usf" 1919
"../../../Engine/Shaders/Private/SimpleElementPixelShader.usf" 1920
"../../../Engine/Shaders/Private/IESLightProfilesCommon.ush" 1921
"../../../Engine/Shaders/Private/SimpleElementVertexShader.usf" 1922
"../../../Engine/Shaders/Private/ScreenPixelShaderOES.usf" 1923
"../../../Engine/Shaders/Private/ScreenVertexShader.usf" 1924
"../../../Engine/Shaders/Private/ScreenPixelShader.usf" 1925
"../../../Engine/Shaders/Private/SSProfilePreIntegratedMobile.usf" 1926
"../../../Engine/Shaders/Private/Nanite/NaniteClusterCulling.usf" 1927
"../../../Engine/Shaders/Private/Nanite/NaniteCulling.ush" 1928
"../../../Engine/Shaders/Private/Nanite/NaniteHierarchyTraversalCommon.ush" 1929
"../../../Engine/Shaders/Private/Nanite/NaniteHierarchyTraversal.ush" 1930
"../../../Engine/Shaders/Private/WaveOpUtil.ush" 1931
"../../../Engine/Shaders/Private/VirtualShadowMaps/VirtualShadowMapPageOverlap.ush" 1932
"../../../Engine/Shaders/Private/Nanite/NaniteHZBCull.ush" 1933
"../../../Engine/Shaders/Private/VirtualShadowMaps/VirtualShadowMapPageAccessCommon.ush" 1934
"../../../Engine/Shaders/Shared/VirtualShadowMapDefinitions.h" 1935
"../../../Engine/Shaders/Private/VirtualShadowMaps/VirtualShadowMapStaticCaching.ush" 1936
"../../../Engine/Shaders/Private/Nanite/NaniteCullingCommon.ush" 1937
"../../../Engine/Shaders/Private/GPUMessaging.ush" 1938
"../../../Engine/Shaders/Private/Nanite/NaniteTranscode.usf" 1939
"../../../Engine/Shaders/Private/VolumetricLightmapStreaming.usf" 1940
"../../../Engine/Shaders/Private/PhysicsFieldReset.usf" 1941
"../../../Engine/Shaders/Private/PhysicsFieldBuilder.usf" 1942
"../../../Engine/Shaders/Private/PhysicsFieldEval.ush" 1943
"../../../Engine/Shaders/Private/ParticleSortKeyGen.usf" 1944
"../../../Engine/Shaders/Private/ParticleBoundsShader.usf" 1945
"../../../Engine/Shaders/Private/ParticleSimVisualizeShader.usf" 1946
"../../../Engine/Shaders/Private/ParticleInjectionShader.usf" 1947
"../../../Engine/Shaders/Private/ParticleSimulationShader.usf" 1948
"../../../Engine/Shaders/Private/ParticleCurveInjectionShader.usf" 1949
"../../../Engine/Shaders/Private/CopyUIntBuffer.usf" 1950
"../../../Engine/Shaders/Private/RadixSortShaders.usf" 1951
"../../../Engine/Shaders/Private/RecomputeTangentsPerVertexPass.usf" 1952
"../../../Engine/Shaders/Private/RecomputeTangentsCommon.ush" 1953
"../../../Engine/Shaders/Private/RecomputeTangentsPerTrianglePass.usf" 1954
"../../../Engine/Shaders/Private/GpuSkinCacheComputeShader.usf" 1955
"../../../Engine/Shaders/Private/HeightFieldAtlasManagement.usf" 1956
"../../../Engine/Shaders/Private/LandscapePhysicalMaterial.usf" 1957
"../../../Engine/Shaders/Private/LandscapeGrassWeight.usf" 1958
"../../../Engine/Shaders/Private/Landscape/LandscapeLayersWeightmapsPS.usf" 1959
"../../../Engine/Shaders/Private/Landscape/LandscapeLayersHeightmapsPS.usf" 1960
"../../../Engine/Shaders/Private/Landscape/LandscapeCommon.ush" 1961
"../../../Engine/Shaders/Private/LandscapeLayersCS.usf" 1962
"../../../Engine/Shaders/Private/LandscapeLayersPS.usf" 1963
"../../../Engine/Shaders/Private/LandscapeLayersVS.usf" 1964
"../../../Engine/Shaders/Private/Landscape/LandscapeMergeHeightmapsPS.usf" 1965
"../../../Engine/Shaders/Private/WideCustomResolveShaders.usf" 1966
"../../../Engine/Shaders/Private/WideCustomResolve_Wide.ush" 1967
"../../../Engine/Shaders/Private/WideCustomResolve_Wider.ush" 1968
"../../../Engine/Shaders/Private/WideCustomResolve_Widest.ush" 1969
"../../../Engine/Shaders/Private/PageTableUpdate.usf" 1970
"../../../Engine/Shaders/Private/VirtualTextureCompress.usf" 1971
"../../../Engine/Shaders/Private/BlockCompressionCommon.ush" 1972
"../../../Engine/Shaders/Private/BCCompressionCommon.ush" 1973
"../../../Engine/Shaders/Private/ETCCompressionCommon.ush" 1974
"../../../Engine/Shaders/Private/VirtualTextureMaterial.usf" 1975
"../../../Engine/Shaders/Private/PixelShaderOutputCommon.ush" 1976
"../../../Engine/Shaders/Private/ShaderOutputCommon.ush" 1977
"../../../Engine/Shaders/Private/VolumetricRenderTarget.usf" 1978
"../../../Engine/Shaders/Private/VolumetricFogVoxelization.usf" 1979
"../../../Engine/Shaders/Private/VolumetricCloudMaterialPixelCommon.ush" 1980
"../../../Engine/Shaders/Private/VolumetricFogLightFunction.usf" 1981
"../../../Engine/Shaders/Private/LightFunctionCommon.ush" 1982
"../../../Engine/Shaders/Private/VolumetricFog.usf" 1983
"../../../Engine/Shaders/Private/DeferredLightingCommon.ush" 1984
"../../../Engine/Shaders/Private/DynamicLightingCommon.ush" 1985
"../../../Engine/Shaders/Private/CapsuleLightIntegrate.ush" 1986
"../../../Engine/Shaders/Private/CapsuleLightSampling.ush" 1987
"../../../Engine/Shaders/Private/RectLightIntegrate.ush" 1988
"../../../Engine/Shaders/Private/LightGridCommon.ush" 1989
"../../../Engine/Shaders/Private/HeightFogCommon.ush" 1990
"../../../Engine/Shaders/Private/DistanceFieldAOShared.ush" 1991
"../../../Engine/Shaders/Private/VolumeLightingCommon.ush" 1992
"../../../Engine/Shaders/Private/ShadowFilteringCommon.ush" 1993
"../../../Engine/Shaders/Private/PixelQuadMessagePassing.ush" 1994
"../../../Engine/Shaders/Private/VolumeLightingCommonSampling.ush" 1995
"../../../Engine/Shaders/Private/VolumetricLightmapShared.ush" 1996
"../../../Engine/Shaders/Private/ForwardShadowingCommon.ush" 1997
"../../../Engine/Shaders/Private/Lumen/LumenTranslucencyVolumeShared.ush" 1998
"../../../Engine/Shaders/Private/Lumen/LumenRadianceCacheInterpolation.ush" 1999
"../../../Engine/Shaders/Private/VirtualShadowMaps/VirtualShadowMapProjectionCommon.ush" 2000
"../../../Engine/Shaders/Private/VirtualShadowMaps/VirtualShadowMapProjectionStructs.ush" 2001
"../../../Engine/Shaders/Private/VolumetricCloudCommon.ush" 2002
"../../../Engine/Shaders/Private/VolumetricCloud.usf" 2003
"../../../Engine/Shaders/Private/ReflectionEnvironmentShared.ush" 2004
"../../../Engine/Shaders/Private/VisualizeVolumetricLightmap.usf" 2005
"../../../Engine/Shaders/Private/VirtualShadowMaps/VirtualShadowMapProjectionComposite.usf" 2006
"../../../Engine/Shaders/Private/LightShaderParameters.ush" 2007
"../../../Engine/Shaders/Private/VirtualShadowMaps/VirtualShadowMapMaskBitsCommon.ush" 2008
"../../../Engine/Shaders/Private/VirtualShadowMaps/VirtualShadowMapProjection.usf" 2009
"../../../Engine/Shaders/Private/Visualization.ush" 2010
"../../../Engine/Shaders/Private/VirtualShadowMaps/VirtualShadowMapProjectionDirectional.ush" 2011
"../../../Engine/Shaders/Private/PathTracing/Utilities/PathTracingRandomSequence.ush" 2012
"../../../Engine/Shaders/Private/VirtualShadowMaps/VirtualShadowMapSMRTCommon.ush" 2013
"../../../Engine/Shaders/Private/VirtualShadowMaps/VirtualShadowMapSMRTTemplate.ush" 2014
"../../../Engine/Shaders/Private/VirtualShadowMaps/VirtualShadowMapProjectionSpot.ush" 2015
"../../../Engine/Shaders/Private/VirtualShadowMaps/VirtualShadowMapTransmissionCommon.ush" 2016
"../../../Engine/Shaders/Private/HairStrands/HairStrandsVoxelPageCommon.ush" 2017
"../../../Engine/Shaders/Private/HairStrands/HairStrandsVoxelPageTraversal.ush" 2018
"../../../Engine/Shaders/Private/VirtualShadowMaps/VirtualShadowMapCacheManagement.usf" 2019
"../../../Engine/Shaders/Private/VirtualShadowMaps/VirtualShadowMapPageCacheCommon.ush" 2020
"../../../Engine/Shaders/Private/ScreenSpaceDenoise/SSDDefinitions.ush" 2021
"../../../Engine/Shaders/Private/InstanceCulling/InstanceCullingLoadBalancer.ush" 2022
"../../../Engine/Shaders/Private/VirtualShadowMaps/VirtualShadowMapCopyStats.usf" 2023
"../../../Engine/Shaders/Private/VirtualShadowMaps/VirtualShadowMapPageManagement.usf" 2024
"../../../Engine/Shaders/Private/HairStrands/HairStrandsTileCommon.ush" 2025
"../../../Engine/Shaders/Private/ReductionCommon.ush" 2026
"../../../Engine/Shaders/Private/VirtualShadowMaps/VirtualShadowMapStats.ush" 2027
"../../../Engine/Shaders/Private/VirtualShadowMaps/VirtualShadowMapBuildPerPageDrawCommands.usf" 2028
"../../../Engine/Shaders/Private/InstanceCulling/InstanceCullingCommon.ush" 2029
"../../../Engine/Shaders/Private/VirtualShadowMaps/VirtualShadowMapPrintStats.usf" 2030
"../../../Engine/Shaders/Private/VirtualShadowMaps/VirtualShadowMapDebug.usf" 2031
"../../../Engine/Shaders/Private/VelocityShader.usf" 2032
"../../../Engine/Shaders/Private/VelocityCommon.ush" 2033
"../../../Engine/Shaders/Private/VariableRateShading.usf" 2034
"../../../Engine/Shaders/Private/TranslucencyUpsampling.usf" 2035
"../../../Engine/Shaders/Private/ScreenPass.ush" 2036
"../../../Engine/Shaders/Private/ComposeSeparateTranslucency.usf" 2037
"../../../Engine/Shaders/Private/SeparateTranslucency.ush" 2038
"../../../Engine/Shaders/Private/TranslucentLightInjectionShaders.usf" 2039
"../../../Engine/Shaders/Private/TranslucentShadowDepthShaders.usf" 2040
"../../../Engine/Shaders/Private/ShadowDepthCommon.ush" 2041
"../../../Engine/Shaders/Private/RayTracing/RayTracingTest.usf" 2042
"../../../Engine/Shaders/Private/PostProcessSubsurfaceTile.usf" 2043
"../../../Engine/Shaders/Private/Strata/StrataVisualize.usf" 2044
"../../../Engine/Shaders/Private/Strata/StrataTile.ush" 2045
"../../../Engine/Shaders/Private/SkyLightingDiffuseShared.ush" 2046
"../../../Engine/Shaders/Private/SkyLightingShared.ush" 2047
"../../../Engine/Shaders/Private/ClearCoatCommon.ush" 2048
"../../../Engine/Shaders/Private/ReflectionEnvironmentComposite.ush" 2049
"../../../Engine/Shaders/Private/Strata/StrataLightingCommon.ush" 2050
"../../../Engine/Shaders/Private/Strata/StrataRoughRefraction.usf" 2051
"../../../Engine/Shaders/Private/PathTracing/Material/PathTracingFresnel.ush" 2052
"../../../Engine/Shaders/Private/PathTracing/Material/PathTracingGlossy.ush" 2053
"../../../Engine/Shaders/Private/Strata/StrataTile.usf" 2054
"../../../Engine/Shaders/Private/Strata/StrataMaterialClassification.usf" 2055
"../../../Engine/Shaders/Private/SkyAtmosphere.usf" 2056
"../../../Engine/Shaders/Private/CopyDepthTexture.usf" 2057
"../../../Engine/Shaders/Private/SingleLayerWaterComposite.usf" 2058
"../../../Engine/Shaders/Private/ShadowProjectionVertexShader.usf" 2059
"../../../Engine/Shaders/Private/ShadowProjectionPixelShader.usf" 2060
"../../../Engine/Shaders/Private/ShadowPercentageCloserFiltering.ush" 2061
"../../../Engine/Shaders/Private/TransmissionThickness.ush" 2062
"../../../Engine/Shaders/Private/CopyShadowMaps.usf" 2063
"../../../Engine/Shaders/Private/ShadowDepthPixelShader.usf" 2064
"../../../Engine/Shaders/Private/ShadowDepthVertexShader.usf" 2065
"../../../Engine/Shaders/Private/ShadingEnergyConservationTable.usf" 2066
"../../../Engine/Shaders/Shared/PathTracingDefinitions.h" 2067
"../../../Engine/Shaders/Private/ShadingFurnaceTest.usf" 2068
"../../../Engine/Shaders/Private/Strata/StrataDeferredLighting.ush" 2069
"../../../Engine/Shaders/Private/ShaderPrintDrawPrimitive.usf" 2070
"../../../Engine/Shaders/Private/ShaderPrintDraw.usf" 2071
"../../../Engine/Shaders/Private/SSRT/SSRTDiffuseIndirect.usf" 2072
"../../../Engine/Shaders/Private/SSRT/SSRTRayCast.ush" 2073
"../../../Engine/Shaders/Private/SSRT/SSRTTileClassificationBuffer.ush" 2074
"../../../Engine/Shaders/Private/SSRT/SSRTReflections.usf" 2075
"../../../Engine/Shaders/Private/ScreenSpaceDenoise/SSDPublic.ush" 2076
"../../../Engine/Shaders/Private/SSRT/SSRTTileClassification.usf" 2077
"../../../Engine/Shaders/Private/SSRT/SSRTPrevFrameReduction.usf" 2078
"../../../Engine/Shaders/Private/ScreenSpaceDenoise/SSDComposeHarmonics.usf" 2079
"../../../Engine/Shaders/Private/ScreenSpaceDenoise/SSDPublicHarmonics.ush" 2080
"../../../Engine/Shaders/Private/ScreenSpaceDenoise/SSDSignalFramework.ush" 2081
"../../../Engine/Shaders/Private/ScreenSpaceDenoise/SSDCommon.ush" 2082
"../../../Engine/Shaders/Private/SphericalGaussian.ush" 2083
"../../../Engine/Shaders/Private/ScreenSpaceDenoise/SSDMetadata.ush" 2084
"../../../Engine/Shaders/Private/ScreenSpaceDenoise/SSDSignalCore.ush" 2085
"../../../Engine/Shaders/Private/ScreenSpaceDenoise/DenoisingCommon.ush" 2086
"../../../Engine/Shaders/Private/ScreenSpaceDenoise/SSDSignalArray.ush" 2087
"../../../Engine/Shaders/Private/ScreenSpaceDenoise/SSDSignalBufferEncoding.ush" 2088
"../../../Engine/Shaders/Private/ScreenSpaceDenoise/SSDPublicBufferEncoding.ush" 2089
"../../../Engine/Shaders/Private/Lumen/LumenBufferEncoding.ush" 2090
"../../../Engine/Shaders/Private/ScreenSpaceDenoise/SSDTemporalAccumulation.usf" 2091
"../../../Engine/Shaders/Private/ScreenSpaceDenoise/SSDSpatialKernel.ush" 2092
"../../../Engine/Shaders/Private/ScreenSpaceDenoise/SSDSignalAccumulatorArray.ush" 2093
"../../../Engine/Shaders/Private/ScreenSpaceDenoise/SSDSignalAccumulator.ush" 2094
"../../../Engine/Shaders/Private/ScreenSpaceDenoise/SSDSignalCompression.ush" 2095
"../../../Engine/Shaders/Private/ScreenSpaceDenoise/SSDSpatialAccumulation.usf" 2096
"../../../Engine/Shaders/Private/ScreenSpaceDenoise/SSDInjest.usf" 2097
"../../../Engine/Shaders/Private/ScreenSpaceDenoise/SSDCompressMetadata.usf" 2098
"../../../Engine/Shaders/Private/DownsampleDepthPixelShader.usf" 2099
"../../../Engine/Shaders/Private/ScreenPass.usf" 2100
"../../../Engine/Shaders/Private/HZB.usf" 2101
"../../../Engine/Shaders/Private/HZBOcclusion.usf" 2102
"../../../Engine/Shaders/Private/OcclusionQueryPixelShader.usf" 2103
"../../../Engine/Shaders/Private/OcclusionQueryVertexShader.usf" 2104
"../../../Engine/Shaders/Private/HitProxyPixelShader.usf" 2105
"../../../Engine/Shaders/Private/HitProxyVertexShader.usf" 2106
"../../../Engine/Shaders/Private/SceneCapturePixelShader.usf" 2107
"../../../Engine/Shaders/Private/RTWriteMaskDecode.usf" 2108
"../../../Engine/Shaders/Private/ReflectionEnvironmentShaders.usf" 2109
"../../../Engine/Shaders/Private/RectLightAtlas.usf" 2110
"../../../Engine/Shaders/Private/RayTracing/TraceRayInlineStatistics.usf" 2111
"../../../Engine/Shaders/Private/RayTracing/TraceRayInlineCommon.ush" 2112
"../../../Engine/Shaders/Private/RayTracing/VisualizeSkyLightMipTreePS.usf" 2113
"../../../Engine/Shaders/Private/RayTracing/MipTreeCommon.ush" 2114
"../../../Engine/Shaders/Private/RayTracing/CompositeSkyLightPS.usf" 2115
"../../../Engine/Shaders/Private/RayTracing/GenerateSkyLightVisibilityRaysCS.usf" 2116
"../../../Engine/Shaders/Private/RayTracing/RayTracingSkyLightCommon.ush" 2117
"../../../Engine/Shaders/Private/RayTracing/SkyLightVisibilityRaysData.ush" 2118
"../../../Engine/Shaders/Private/Raytracing/RaytracingSkylightRGS.usf" 2119
"../../../Engine/Shaders/Private/HairStrands/HairStrandsRaytracing.ush" 2120
"../../../Engine/Shaders/Private/Raytracing/RayTracingSkyLightEvaluation.ush" 2121
"../../../Engine/Shaders/Private/Raytracing/RayTracingDeferredShadingCommon.ush" 2122
"../../../Engine/Shaders/Private/RayTracing/RayTracingOcclusionRGS.usf" 2123
"../../../Engine/Shaders/Private/RayTracing/RayTracingDirectionalLight.ush" 2124
"../../../Engine/Shaders/Private/RayTracing/RayTracingRectLight.ush" 2125
"../../../Engine/Shaders/Private/RayTracing/RayTracingSphereLight.ush" 2126
"../../../Engine/Shaders/Private/RayTracing/RayTracingCapsuleLight.ush" 2127
"../../../Engine/Shaders/Private/RayTracing/SplitImaginaryReflectionGBufferCS.usf" 2128
"../../../Engine/Shaders/Private/RayTracing/RayTracingReflectionsCommon.ush" 2129
"../../../Engine/Shaders/Private/RayTracing/RayTracingReflections.usf" 2130
"../../../Engine/Shaders/Private/RayTracing/RayTracingLightingCommon.ush" 2131
"../../../Engine/Shaders/Private/RayTracing/RayTracingLightCullingCommon.ush" 2132
"../../../Engine/Shaders/Private/RayTracing/RayTracingReflectionEnvironment.ush" 2133
"../../../Engine/Shaders/Private/RayTracing/RayTracingPrimaryRays.usf" 2134
"../../../Engine/Shaders/Private/RayTracing/RayTracingMaterialDefaultHitShaders.usf" 2135
"../../../Engine/Shaders/Private/RayTracing/RayTracingMaterialHitShaders.usf" 2136
"../../../Engine/Shaders/Private/RayTracing/RayTracingCalcInterpolants.ush" 2137
"../../../Engine/Shaders/Private/LightmapCommon.ush" 2138
"../../../Engine/Shaders/Private/Lumen/LumenHardwareRayTracingPayloadCommon.ush" 2139
"../../../Engine/Shaders/Private/Strata/StrataExport.ush" 2140
"../../../Engine/Shaders/Private/RayTracing/RayTracingLightingMS.usf" 2141
"../../../Engine/Shaders/Private/RayTracing/RayTracingLightFunctionCommon.ush" 2142
"../../../Engine/Shaders/Private/RayTracing/GenerateCulledLightListCS.usf" 2143
"../../../Engine/Shaders/Private/Raytracing/RayTracingInstanceBufferUtil.usf" 2144
"../../../Engine/Shaders/Private/RayTracing/RayTracingFinalGatherRGS.usf" 2145
"../../../Engine/Shaders/Private/RayTracing/RayTracingGatherPoints.ush" 2146
"../../../Engine/Shaders/Private/PathTracing/Light/PathTracingLightSampling.ush" 2147
"../../../Engine/Shaders/Private/PathTracing/Light/PathTracingLightCommon.ush" 2148
"../../../Engine/Shaders/Shared/RayTracingTypes.h" 2149
"../../../Engine/Shaders/Private/PathTracing/Light/PathTracingDirectionalLight.ush" 2150
"../../../Engine/Shaders/Private/PathTracing/Light/PathTracingPointLight.ush" 2151
"../../../Engine/Shaders/Private/PathTracing/Light/PathTracingCapsuleLight.ush" 2152
"../../../Engine/Shaders/Private/PathTracing/Light/PathTracingRectLight.ush" 2153
"../../../Engine/Shaders/Private/PathTracing/Light/PathTracingSkyLight.ush" 2154
"../../../Engine/Shaders/Private/PathTracing/Light/PathTracingSpotLight.ush" 2155
"../../../Engine/Shaders/Private/PathTracing/Material/PathTracingMaterialSampling.ush" 2156
"../../../Engine/Shaders/Private/PathTracing/Material/PathTracingMaterialCommon.ush" 2157
"../../../Engine/Shaders/Private/PathTracing/PathTracingCommon.ush" 2158
"../../../Engine/Shaders/Private/PathTracing/Material/PathTracingLambert.ush" 2159
"../../../Engine/Shaders/Private/PathTracing/Material/PathTracingRadianceProbe.ush" 2160
"../../../Engine/Shaders/Private/PathTracing/Material/FirstBounceRayGuidingCommon.ush" 2161
"../../../Engine/Shaders/Private/PathTracing/Material/PathTracingSpecularReflection.ush" 2162
"../../../Engine/Shaders/Private/PathTracing/Material/PathTracingSpecularTransmission.ush" 2163
"../../../Engine/Shaders/Private/PathTracing/Material/PathTracingSolidGlass.ush" 2164
"../../../Engine/Shaders/Private/PathTracing/Material/PathTracingEnergyConservation.ush" 2165
"../../../Engine/Shaders/Private/PathTracing/Material/PathTracingThinGlass.ush" 2166
"../../../Engine/Shaders/Private/PathTracing/Material/PathTracingDefaultLit.ush" 2167
"../../../Engine/Shaders/Private/PathTracing/Material/PathTracingClearCoat.ush" 2168
"../../../Engine/Shaders/Private/PathTracing/Material/PathTracingTwoSidedFoliage.ush" 2169
"../../../Engine/Shaders/Private/PathTracing/Material/PathTracingCloth.ush" 2170
"../../../Engine/Shaders/Private/PathTracing/Material/PathTracingSubsurfaceProfile.ush" 2171
"../../../Engine/Shaders/Private/PathTracing/Material/PathTracingEye.ush" 2172
"../../../Engine/Shaders/Private/PathTracing/Material/PathTracingHair.ush" 2173
"../../../Engine/Shaders/Private/PathTracing/Material/PathTracingMedium.ush" 2174
"../../../Engine/Shaders/Private/RayTracing/RayTracingCreateGatherPointsRGS.usf" 2175
"../../../Engine/Shaders/Private/RayTracing/RayTracingGlobalIlluminationRGS.usf" 2176
"../../../Engine/Shaders/Private/RayTracing/RayTracingDynamicMesh.usf" 2177
"../../../Engine/Shaders/Private/RayTracing/RayTracingDeferredReflections.usf" 2178
"../../../Engine/Shaders/Private/RayTracing/RayTracingDeferredMaterials.ush" 2179
"../../../Engine/Shaders/Shared/ThirdParty/AMD/ags_shader_intrinsics_dx12.h" 2180
"../../../Engine/Shaders/Private/RayTracing/RayTracingDeferredReflections.ush" 2181
"../../../Engine/Shaders/Private/RayTracing/RayTracingReflectionResolve.usf" 2182
"../../../Engine/Shaders/Private/RayTracing/RayTracingReflectionsGenerateRaysCS.usf" 2183
"../../../Engine/Shaders/Private/RayTracing/MaterialSort.usf" 2184
"../../../Engine/Shaders/Private/RayTracing/RayTracingDeferredMaterials.usf" 2185
"../../../Engine/Shaders/Private/RayTracing/RayTracingDecalMaterialShader.usf" 2186
"../../../Engine/Shaders/Private/RayTracing/RayTracingBuildDecalGrid.usf" 2187
"../../../Engine/Shaders/Private/RayTracing/RayTracingDebug.usf" 2188
"../../../Engine/Shaders/Shared/RayTracingDebugDefinitions.h" 2189
"../../../Engine/Shaders/Shared/RayTracingDebugTypes.h" 2190
"../../../Engine/Shaders/Private/RayTracing/RayTracingDebugTraversal.usf" 2191
"../../../Engine/Shaders/Private/Nanite/NaniteRayTrace.ush" 2192
"../../../Engine/Shaders/Shared/ThirdParty/RayTriangleIntersection.h" 2193
"../../../Engine/Shaders/Private/RayTracing/TraceRayInline.ush" 2194
"../../../Engine/Shaders/Private/RayTracing/TraceRayInlineVulkan.ush" 2195
"../../../Engine/Shaders/Private/RayTracing/RayTracingBarycentrics.usf" 2196
"../../../Engine/Shaders/Private/RayTracing/RayTracingAmbientOcclusionRGS.usf" 2197
"../../../Engine/Shaders/Private/VisualizeShadingModels.usf" 2198
"../../../Engine/Shaders/Private/MotionBlur/VisualizeMotionVectors.usf" 2199
"../../../Engine/Shaders/Private/TemporalSuperResolution/TSRDebugHistory.usf" 2200
"../../../Engine/Shaders/Private/TemporalSuperResolution/TSRCommon.ush" 2201
"../../../Engine/Shaders/Public/DualPixelVectorization.ush" 2202
"../../../Engine/Shaders/Private/TemporalSuperResolution/TSRResolveHistory.usf" 2203
"../../../Engine/Shaders/Private/TemporalSuperResolution/TSRUpdateHistory.usf" 2204
"../../../Engine/Shaders/Private/TemporalSuperResolution/TSRFilterAntiAliasing.usf" 2205
"../../../Engine/Shaders/Private/TemporalSuperResolution/TSRSpatialAntiAliasing.usf" 2206
"../../../Engine/Shaders/Private/TemporalSuperResolution/TSRRejectShading.usf" 2207
"../../../Engine/Shaders/Public/LaneVectorization.ush" 2208
"../../../Engine/Shaders/Private/TemporalSuperResolution/TSRCompareTranslucency.usf" 2209
"../../../Engine/Shaders/Private/TemporalSuperResolution/TSRDecimateHistory.usf" 2210
"../../../Engine/Shaders/Private/TemporalSuperResolution/TSRDilateVelocity.usf" 2211
"../../../Engine/Shaders/Private/MotionBlur/MotionBlurVelocityFlatten.ush" 2212
"../../../Engine/Shaders/Private/MotionBlur/MotionBlurCommon.ush" 2213
"../../../Engine/Shaders/Private/TemporalSuperResolution/TSRClearPrevTextures.usf" 2214
"../../../Engine/Shaders/Private/TemporalSuperResolution/TSRComputeMoireLuma.usf" 2215
"../../../Engine/Shaders/Private/TemporalAA.usf" 2216
"../../../Engine/Shaders/Private/FilterPixelShader.usf" 2217
"../../../Engine/Shaders/Private/FilterVertexShader.usf" 2218
"../../../Engine/Shaders/Private/PostProcessVisualizeBuffer.usf" 2219
"../../../Engine/Shaders/Private/PostProcessVisualizeLocalExposure.usf" 2220
"../../../Engine/Shaders/Private/PostProcessHistogramCommon.ush" 2221
"../../../Engine/Shaders/Private/PostProcessVisualizeLevelInstance.usf" 2222
"../../../Engine/Shaders/Private/PostProcessVisualizeHDR.usf" 2223
"../../../Engine/Shaders/Private/ShaderComplexityApplyPixelShader.usf" 2224
"../../../Engine/Shaders/Private/QuadOverdraw.ush" 2225
"../../../Engine/Shaders/Private/PostProcessUpscale.usf" 2226
"../../../Engine/Shaders/Private/PostProcessTonemap.usf" 2227
"../../../Engine/Shaders/Private/PostProcessing/FilmGrainPackConstants.usf" 2228
"../../../Engine/Shaders/Private/PostProcessing/FilmGrainReduce.usf" 2229
"../../../Engine/Shaders/Private/PostProcessTestImage.usf" 2230
"../../../Engine/Shaders/Private/PostProcessSubsurface.usf" 2231
"../../../Engine/Shaders/Private/SeparableSSS.ush" 2232
"../../../Engine/Shaders/Private/SubsurfaceBurleyNormalized.ush" 2233
"../../../Engine/Shaders/Private/PostProcessSelectionOutline.usf" 2234
"../../../Engine/Shaders/Private/PostProcessPixelProjectedReflectionMobile.usf" 2235
"../../../Engine/Shaders/Private/MotionBlur/MotionBlurVisualize.usf" 2236
"../../../Engine/Shaders/Private/MotionBlur/MotionBlurApply.usf" 2237
"../../../Engine/Shaders/Private/MotionBlur/MotionBlurFilterTileClassify.usf" 2238
"../../../Engine/Shaders/Private/MotionBlur/MotionBlurTileScatter.usf" 2239
"../../../Engine/Shaders/Private/MotionBlur/MotionBlurTileGather.usf" 2240
"../../../Engine/Shaders/Private/MotionBlur/MotionBlurVelocityFlatten.usf" 2241
"../../../Engine/Shaders/Private/PostProcessMobile.usf" 2242
"../../../Engine/Shaders/Private/PostProcessMitchellNetravali.usf" 2243
"../../../Engine/Shaders/Private/PostProcessMaterialShaders.usf" 2244
"../../../Engine/Shaders/Private/PostProcessLocalExposure.usf" 2245
"../../../Engine/Shaders/Private/PostProcessLensFlares.usf" 2246
"../../../Engine/Shaders/Private/PostProcessHMD.usf" 2247
"../../../Engine/Shaders/Private/Histogram.usf" 2248
"../../../Engine/Shaders/Private/PostProcessHistogramReduce.usf" 2249
"../../../Engine/Shaders/Private/PostProcessHistogram.usf" 2250
"../../../Engine/Shaders/Private/PostProcessGBufferHints.usf" 2251
"../../../Engine/Shaders/Private/Bloom/BloomFinalizeApplyConstants.usf" 2252
"../../../Engine/Shaders/Private/Bloom/BloomCommon.ush" 2253
"../../../Engine/Shaders/Private/Bloom/BloomResizeKernel.usf" 2254
"../../../Engine/Shaders/Private/Bloom/BloomClampKernel.usf" 2255
"../../../Engine/Shaders/Private/Bloom/BloomPackKernelConstants.usf" 2256
"../../../Engine/Shaders/Private/Bloom/BloomSumScatterDispersionEnergy.usf" 2257
"../../../Engine/Shaders/Private/Bloom/BloomReduceKernelSurvey.usf" 2258
"../../../Engine/Shaders/Private/Bloom/BloomSurveyKernelCenterEnergy.usf" 2259
"../../../Engine/Shaders/Private/Bloom/BloomSurveyMaxScatterDispersion.usf" 2260
"../../../Engine/Shaders/Private/Bloom/BloomFindKernelCenter.usf" 2261
"../../../Engine/Shaders/Private/PostProcessEyeAdaptation.usf" 2262
"../../../Engine/Shaders/Private/PostProcessDownsample.usf" 2263
"../../../Engine/Shaders/Private/PostProcessDOF.usf" 2264
"../../../Engine/Shaders/Private/PostProcessDeviceEncodingOnly.usf" 2265
"../../../Engine/Shaders/Private/PostProcessCompositeEditorPrimitives.usf" 2266
"../../../Engine/Shaders/Private/PostProcessCombineLUTs.usf" 2267
"../../../Engine/Shaders/Private/PostProcessVisualizeDOF.usf" 2268
"../../../Engine/Shaders/Private/PostProcessBloom.usf" 2269
"../../../Engine/Shaders/Private/PostProcessAmbientOcclusionMobile.usf" 2270
"../../../Engine/Shaders/Private/PostProcessAmbientOcclusionCommon.ush" 2271
"../../../Engine/Shaders/Private/FXAAShader.usf" 2272
"../../../Engine/Shaders/Private/Fxaa3_11.ush" 2273
"../../../Engine/Shaders/Private/DiaphragmDOF/DOFRecombine.usf" 2274
"../../../Engine/Shaders/Private/DiaphragmDOF/DOFCommon.ush" 2275
"../../../Engine/Shaders/Private/DiaphragmDOF/DOFHybridScatterPixelShader.usf" 2276
"../../../Engine/Shaders/Private/DiaphragmDOF/DOFHybridScatterCommon.ush" 2277
"../../../Engine/Shaders/Private/DiaphragmDOF/DOFHybridScatterVertexShader.usf" 2278
"../../../Engine/Shaders/Private/DiaphragmDOF/DOFPostfiltering.usf" 2279
"../../../Engine/Shaders/Private/DiaphragmDOF/DOFGatherTileSuggest.ush" 2280
"../../../Engine/Shaders/Private/DiaphragmDOF/DOFCocTileCommon.ush" 2281
"../../../Engine/Shaders/Private/DiaphragmDOF/DOFGatherPass.usf" 2282
"../../../Engine/Shaders/Private/DiaphragmDOF/DOFGatherCommon.ush" 2283
"../../../Engine/Shaders/Private/DiaphragmDOF/DOFGatherAccumulator.ush" 2284
"../../../Engine/Shaders/Private/DiaphragmDOF/DOFGatherKernel.ush" 2285
"../../../Engine/Shaders/Private/DiaphragmDOF/DOFBokehLUT.usf" 2286
"../../../Engine/Shaders/Private/DiaphragmDOF/DOFHybridScatterCompilation.usf" 2287
"../../../Engine/Shaders/Private/DiaphragmDOF/DOFReduce.usf" 2288
"../../../Engine/Shaders/Private/DiaphragmDOF/DOFDownsample.ush" 2289
"../../../Engine/Shaders/Private/DiaphragmDOF/DOFHybridScatterCompilation.ush" 2290
"../../../Engine/Shaders/Private/DiaphragmDOF/DOFDownsample.usf" 2291
"../../../Engine/Shaders/Private/DiaphragmDOF/DOFCocTileDilate.usf" 2292
"../../../Engine/Shaders/Private/DiaphragmDOF/DOFCocTileFlatten.usf" 2293
"../../../Engine/Shaders/Private/DiaphragmDOF/DOFSetup.usf" 2294
"../../../Engine/Shaders/Private/PlanarReflectionShaders.usf" 2295
"../../../Engine/Shaders/Private/PlanarReflectionShared.ush" 2296
"../../../Engine/Shaders/Private/PhysicsFieldVisualizer.usf" 2297
"../../../Engine/Shaders/Private/PathTracing/PathTracingSpatialTemporalDenoising.usf" 2298
"../../../Engine/Shaders/Private/ColorDifference.ush" 2299
"../../../Engine/Shaders/Private/PathTracing/PathTracingCompositingPixelShader.usf" 2300
"../../../Engine/Shaders/Private/PathTracing/PathTracingMaterialHitShader.usf" 2301
"../../../Engine/Shaders/Private/PathTracing/PathTracingLightingMissShader.usf" 2302
"../../../Engine/Shaders/Private/PathTracing/PathTracingMissShader.usf" 2303
"../../../Engine/Shaders/Private/PathTracing/PathTracingBuildAtmosphereLUT.usf" 2304
"../../../Engine/Shaders/Private/PathTracing/Volume/PathTracingAtmosphereCommon.ush" 2305
"../../../Engine/Shaders/Private/PathTracing/PathTracingSwizzleScanlines.usf" 2306
"../../../Engine/Shaders/Private/PathTracing/PathTracingIESAtlas.usf" 2307
"../../../Engine/Shaders/Private/PathTracing/PathTracingInitExtinctionCoefficient.usf" 2308
"../../../Engine/Shaders/Private/PathTracing/PathTracing.usf" 2309
"../../../Engine/Shaders/Private/PathTracing/PathTracingCore.ush" 2310
"../../../Engine/Shaders/Private/RayTracing/RayTracingDecalGrid.ush" 2311
"../../../Engine/Shaders/Private/PathTracing/Utilities/PathTracingRIS.ush" 2312
"../../../Engine/Shaders/Private/PathTracing/Light/PathTracingLightGrid.ush" 2313
"../../../Engine/Shaders/Private/PathTracing/Volume/PathTracingVolume.ush" 2314
"../../../Engine/Shaders/Private/PathTracing/Volume/PathTracingVolumeCommon.ush" 2315
"../../../Engine/Shaders/Private/PathTracing/Volume/PathTracingAtmosphere.ush" 2316
"../../../Engine/Shaders/Private/DoubleWordMath.ush" 2317
"../../../Engine/Shaders/Private/PathTracing/Volume/PathTracingFog.ush" 2318
"../../../Engine/Shaders/Private/PathTracing/Volume/PathTracingVolumeSampling.ush" 2319
"../../../Engine/Shaders/Private/PathTracing/PathTracingBuildLightGrid.usf" 2320
"../../../Engine/Shaders/Private/PathTracing/PathTracingSkylightMISCompensation.usf" 2321
"../../../Engine/Shaders/Private/PathTracing/PathTracingSkylightPrepare.usf" 2322
"../../../Engine/Shaders/Private/OIT/OITSorting.usf" 2323
"../../../Engine/Shaders/Private/OITCombine.usf" 2324
"../../../Engine/Shaders/Private/OITCommon.ush" 2325
"../../../Engine/Shaders/Private/HTileVisualize.usf" 2326
"../../../Engine/Shaders/Private/HTileEncoding.ush" 2327
"../../../Engine/Shaders/Private/Nanite/NaniteDebugViews.usf" 2328
"../../../Engine/Shaders/Private/Nanite/NaniteMaterialComplexity.usf" 2329
"../../../Engine/Shaders/Private/Nanite/NaniteVisualize.usf" 2330
"../../../Engine/Shaders/Private/Nanite/NaniteStreamOut.usf" 2331
"../../../Engine/Shaders/Private/Nanite/NaniteMaterialCulling.usf" 2332
"../../../Engine/Shaders/Private/Nanite/NaniteDepthExport.usf" 2333
"../../../Engine/Shaders/Private/Nanite/NaniteExportGBuffer.usf" 2334
"../../../Engine/Shaders/Private/Nanite/NaniteRasterizer.usf" 2335
"../../../Engine/Shaders/Private/Nanite/NaniteWritePixel.ush" 2336
"../../../Engine/Shaders/Private/WorkDistribution.ush" 2337
"../../../Engine/Shaders/Private/Nanite/NaniteRasterBinning.usf" 2338
"../../../Engine/Shaders/Private/Nanite/NaniteInstanceCulling.usf" 2339
"../../../Engine/Shaders/Private/Nanite/NaniteImposter.ush" 2340
"../../../Engine/Shaders/Private/Nanite/NanitePrimitiveFilter.usf" 2341
"../../../Engine/Shaders/Private/Nanite/NanitePrintStats.usf" 2342
"../../../Engine/Shaders/Private/Nanite/NaniteEmitShadow.usf" 2343
"../../../Engine/Shaders/Private/MobileDeferredUtils.usf" 2344
"../../../Engine/Shaders/Private/MobileFog.usf" 2345
"../../../Engine/Shaders/Private/DistortApplyScreenPS.usf" 2346
"../../../Engine/Shaders/Private/MobileDeferredShading.usf" 2347
"../../../Engine/Shaders/Private/MobileLightingCommon.ush" 2348
"../../../Engine/Shaders/Private/MobileBasePassPixelShader.usf" 2349
"../../../Engine/Shaders/Private/MobileBasePassCommon.ush" 2350
"../../../Engine/Shaders/Private/BasePassCommon.ush" 2351
"../../../Engine/Shaders/Private/ShadingModelsMaterial.ush" 2352
"../../../Engine/Shaders/Private/SingleLayerWaterShading.ush" 2353
"../../../Engine/Shaders/Private/DistortionCommon.ush" 2354
"../../../Engine/Shaders/Private/MobileBasePassVertexShader.usf" 2355
"../../../Engine/Shaders/Private/Lumen/LumenVisualizeRadianceCache.usf" 2356
"../../../Engine/Shaders/Private/Lumen/LumenRadianceCacheCommon.ush" 2357
"../../../Engine/Shaders/Private/Lumen/LumenVisualizeHardwareRayTracing.usf" 2358
"../../../Engine/Shaders/Private/Lumen/LumenCardCommon.ush" 2359
"../../../Engine/Shaders/Private/Lumen/LumenTracingCommon.ush" 2360
"../../../Engine/Shaders/Private/DistanceField/GlobalDistanceFieldUtils.ush" 2361
"../../../Engine/Shaders/Private/DistanceField/GlobalDistanceFieldObjectGrid.ush" 2362
"../../../Engine/Shaders/Private/DistanceFieldLightingShared.ush" 2363
"../../../Engine/Shaders/Private/Lumen/SurfaceCache/LumenSurfaceCacheSampling.ush" 2364
"../../../Engine/Shaders/Private/Lumen/SurfaceCache/LumenSurfaceCache.ush" 2365
"../../../Engine/Shaders/Private/Lumen/LumenVisualize.ush" 2366
"../../../Engine/Shaders/Private/Lumen/LumenHardwareRayTracingCommon.ush" 2367
"../../../Engine/Shaders/Private/Lumen/LumenHardwareRayTracingPipelineCommon.ush" 2368
"../../../Engine/Shaders/Private/Lumen/LumenHardwareRayTracingPlatformCommon.ush" 2369
"../../../Engine/Shaders/Private/Lumen/LumenVisualize.usf" 2370
"../../../Engine/Shaders/Private/Lumen/LumenVisualizeTraces.ush" 2371
"../../../Engine/Shaders/Private/Lumen/LumenTranslucencyVolumeLighting.usf" 2372
"../../../Engine/Shaders/Private/Lumen/LumenRadianceCacheMarkCommon.ush" 2373
"../../../Engine/Shaders/Private/Lumen/LumenTranslucencyVolumeLightingShared.ush" 2374
"../../../Engine/Shaders/Private/Lumen/LumenScreenProbeCommon.ush" 2375
"../../../Engine/Shaders/Private/BlueNoise.ush" 2376
"../../../Engine/Shaders/Private/Lumen/LumenTranslucencyVolumeHardwareRayTracing.usf" 2377
"../../../Engine/Shaders/Private/Lumen/LumenTranslucencyRadianceCacheMarkShaders.usf" 2378
"../../../Engine/Shaders/Private/Lumen/SurfaceCache/LumenSurfaceCacheFeedback.usf" 2379
"../../../Engine/Shaders/Private/Lumen/SurfaceCache/LumenSurfaceCache.usf" 2380
"../../../Engine/Shaders/Private/Lumen/LumenScreenSpaceBentNormal.usf" 2381
"../../../Engine/Shaders/Private/Lumen/LumenMaterial.ush" 2382
"../../../Engine/Shaders/Private/Lumen/LumenScreenTracing.ush" 2383
"../../../Engine/Shaders/Private/Lumen/LumenScreenProbeTracing.usf" 2384
"../../../Engine/Shaders/Private/Lumen/LumenScreenProbeTracingCommon.ush" 2385
"../../../Engine/Shaders/Private/Lumen/LumenHairTracing.ush" 2386
"../../../Engine/Shaders/Private/Lumen/LumenScreenProbeImportanceSampling.usf" 2387
"../../../Engine/Shaders/Private/Lumen/LumenScreenProbeImportanceSamplingShared.ush" 2388
"../../../Engine/Shaders/Private/Lumen/LumenScreenProbeHardwareRayTracing.usf" 2389
"../../../Engine/Shaders/Private/Lumen/LumenScreenProbeGather.usf" 2390
"../../../Engine/Shaders/Private/Lumen/LumenScreenSpaceBentNormal.ush" 2391
"../../../Engine/Shaders/Private/Lumen/LumenScreenProbeLightSampling.usf" 2392
"../../../Engine/Shaders/Private/Lumen/LumenScreenProbeFiltering.usf" 2393
"../../../Engine/Shaders/Private/Lumen/LumenSceneLighting.usf" 2394
"../../../Engine/Shaders/Private/Lumen/LumenCardTile.ush" 2395
"../../../Engine/Shaders/Private/Lumen/LumenSceneLighting.ush" 2396
"../../../Engine/Shaders/Private/Lumen/Radiosity/LumenRadiosity.ush" 2397
"../../../Engine/Shaders/Private/Lumen/LumenCardPixelShader.usf" 2398
"../../../Engine/Shaders/Private/Lumen/LumenCardVertexShader.usf" 2399
"../../../Engine/Shaders/Private/Lumen/LumenSceneLightingDebug.usf" 2400
"../../../Engine/Shaders/Private/Lumen/LumenSceneDirectLightingHardwareRayTracing.usf" 2401
"../../../Engine/Shaders/Private/Lumen/LumenReflectionCommon.ush" 2402
"../../../Engine/Shaders/Private/Lumen/LumenSceneDirectLighting.ush" 2403
"../../../Engine/Shaders/Private/Lumen/LumenSceneDirectLightingSoftwareRayTracing.usf" 2404
"../../../Engine/Shaders/Private/DistanceFieldShadowingShared.ush" 2405
"../../../Engine/Shaders/Private/Lumen/LumenSceneDirectLightingPerLightShadowCommon.ush" 2406
"../../../Engine/Shaders/Private/Lumen/LumenSceneDirectLightingShadowMask.usf" 2407
"../../../Engine/Shaders/Private/Lumen/LumenSceneDirectLighting.usf" 2408
"../../../Engine/Shaders/Private/Lumen/LumenSceneDirectLightingCulling.usf" 2409
"../../../Engine/Shaders/Private/Lumen/LumenReflectionTracing.usf" 2410
"../../../Engine/Shaders/Private/Lumen/LumenReflections.usf" 2411
"../../../Engine/Shaders/Private/Lumen/LumenReflectionHardwareRayTracing.usf" 2412
"../../../Engine/Shaders/Private/Lumen/Radiosity/LumenVisualizeRadiosityProbes.usf" 2413
"../../../Engine/Shaders/Private/Lumen/Radiosity/LumenRadiosity.usf" 2414
"../../../Engine/Shaders/Private/RayTracing/RayGenUtils.ush" 2415
"../../../Engine/Shaders/Private/Lumen/Radiosity/LumenRadiosityHardwareRayTracing.usf" 2416
"../../../Engine/Shaders/Private/Lumen/Radiosity/LumenRadiosityCulling.usf" 2417
"../../../Engine/Shaders/Private/Lumen/LumenRadianceCacheHardwareRayTracing.usf" 2418
"../../../Engine/Shaders/Private/Lumen/LumenRadianceCacheTracingCommon.ush" 2419
"../../../Engine/Shaders/Private/Lumen/LumenRadianceCache.usf" 2420
"../../../Engine/Shaders/Private/Lumen/LumenRadianceCacheUpdate.ush" 2421
"../../../Engine/Shaders/Private/Lumen/LumenRadianceCacheDebug.usf" 2422
"../../../Engine/Shaders/Private/Lumen/LumenRadianceCacheUpdate.usf" 2423
"../../../Engine/Shaders/Private/Lumen/LumenMeshSDFCulling.usf" 2424
"../../../Engine/Shaders/Private/HybridIndirectLighting.ush" 2425
"../../../Engine/Shaders/Private/MeshDistanceFieldCommon.ush" 2426
"../../../Engine/Shaders/Private/Lumen/LumenIrradianceFieldGather.usf" 2427
"../../../Engine/Shaders/Private/Lumen/LumenHardwareRayTracingMaterials.usf" 2428
"../../../Engine/Shaders/Private/Lumen/LumenHardwareRayTracingPipeline.usf" 2429
"../../../Engine/Shaders/Private/Lumen/LumenFrontLayerTranslucency.usf" 2430
"../../../Engine/Shaders/Private/LightShaftShader.usf" 2431
"../../../Engine/Shaders/Private/StationaryLightOverlapShaders.usf" 2432
"../../../Engine/Shaders/Private/DeferredLightPixelShaders.usf" 2433
"../../../Engine/Shaders/Private/HairStrands/HairStrandsVisibilityUtils.ush" 2434
"../../../Engine/Shaders/Private/DeferredLightVertexShaders.usf" 2435
"../../../Engine/Shaders/Private/LightMapDensityShader.usf" 2436
"../../../Engine/Shaders/Private/LightGridInjection.usf" 2437
"../../../Engine/Shaders/Private/LightFunctionPixelShader.usf" 2438
"../../../Engine/Shaders/Private/LightFunctionVertexShader.usf" 2439
"../../../Engine/Shaders/Private/InstanceCulling/BuildInstanceDrawCommands.usf" 2440
"../../../Engine/Shaders/Private/InstanceCulling/InstanceCompactionCommon.ush" 2441
"../../../Engine/Shaders/Private/InstanceCulling/CompactVisibleInstances.usf" 2442
"../../../Engine/Shaders/Private/ThreadGroupPrefixSum.ush" 2443
"../../../Engine/Shaders/Private/ReflectionEnvironmentPixelShader.usf" 2444
"../../../Engine/Shaders/Private/Strata/StrataEnvironmentLighting.ush" 2445
"../../../Engine/Shaders/Private/AmbientCubemapComposite.usf" 2446
"../../../Engine/Shaders/Private/DiffuseIndirectComposite.usf" 2447
"../../../Engine/Shaders/Private/HeterogeneousVolumes/HeterogeneousVolumesSparseVoxelPipeline.usf" 2448
"../../../Engine/Shaders/Private/HeterogeneousVolumes/HeterogeneousVolumesSparseVoxelUtils.ush" 2449
"../../../Engine/Shaders/Private/HeterogeneousVolumes/HeterogeneousVolumesSparseVoxelUniformBufferUtils.ush" 2450
"../../../Engine/Shaders/Private/HeterogeneousVolumes/HeterogeneousVolumesPreshadingPipeline.usf" 2451
"../../../Engine/Shaders/Private/HeterogeneousVolumes/HeterogeneousVolumesTracingUtils.ush" 2452
"../../../Engine/Shaders/Private/HeterogeneousVolumes/HeterogeneousVolumesLightingUtils.ush" 2453
"../../../Engine/Shaders/Private/HeterogeneousVolumes/HeterogeneousVolumesRayMarchingUtils.ush" 2454
"../../../Engine/Shaders/Private/HeterogeneousVolumes/HeterogeneousVolumesTransmittanceVolumeUtils.ush" 2455
"../../../Engine/Shaders/Private/HeterogeneousVolumes/HeterogeneousVolumesMaterialBakingPipeline.usf" 2456
"../../../Engine/Shaders/Private/HeterogeneousVolumes/HeterogeneousVolumesLiveShadingUtils.ush" 2457
"../../../Engine/Shaders/Private/HeterogeneousVolumes/HeterogeneousVolumesLiveShadingPipeline.usf" 2458
"../../../Engine/Shaders/Private/HeterogeneousVolumes/HeterogeneousVolumesHardwareRayTracing.usf" 2459
"../../../Engine/Shaders/Private/HeterogeneousVolumes/HeterogeneousVolumesComposite.usf" 2460
"../../../Engine/Shaders/Private/HdrCustomResolveShaders.usf" 2461
"../../../Engine/Shaders/Private/HairStrands/HairStrandsVoxelMip.usf" 2462
"../../../Engine/Shaders/Private/HairStrands/HairStrandsVoxelRasterCompute.usf" 2463
"../../../Engine/Shaders/Private/HairStrands/HairStrandsVoxelPageAllocation.usf" 2464
"../../../Engine/Shaders/Private/HairStrands/HairStrandsVoxelOpaque.usf" 2465
"../../../Engine/Shaders/Private/HairStrands/HairStrandsHitProxy.usf" 2466
"../../../Engine/Shaders/Private/HairStrands/HairStrandsVisibilityRasterComputeNaive.usf" 2467
"../../../Engine/Shaders/Private/HairStrands/HairStrandsVisibilityRasterHW.usf" 2468
"../../../Engine/Shaders/Private/HairStrands/HairStrandsVisibilityRasterCompute.usf" 2469
"../../../Engine/Shaders/Private/HairStrands/HairStrandsVisibilityRasterClassification.usf" 2470
"../../../Engine/Shaders/Private/HairStrands/HairStrandsCoverage.usf" 2471
"../../../Engine/Shaders/Private/HairStrands/HairStrandsVisibilityDepthPS.usf" 2472
"../../../Engine/Shaders/Private/HairStrands/HairStrandsVisibilityTransmittanceDepthPS.usf" 2473
"../../../Engine/Shaders/Private/HairStrands/HairStrandsVisibilityFillOpaqueDepthPS.usf" 2474
"../../../Engine/Shaders/Private/HairStrands/HairStrandsVisibilityCompactionComputeRaster.usf" 2475
"../../../Engine/Shaders/Private/HairStrands/HairStrandsVisibilityCompaction.usf" 2476
"../../../Engine/Shaders/Private/HairStrands/HairStrandsVisibilityCopyIndirectArg.usf" 2477
"../../../Engine/Shaders/Private/HairStrands/HairStrandsVisibilityClearPS.usf" 2478
"../../../Engine/Shaders/Private/HairStrands/HairStrandsVisibilityPS.usf" 2479
"../../../Engine/Shaders/Private/HairStrands/HairStrandsVisibilityVS.usf" 2480
"../../../Engine/Shaders/Private/HairStrands/HairStrandsVelocity.usf" 2481
"../../../Engine/Shaders/Private/HairStrands/HairStrandsVisibilityComputeSampleCoverage.usf" 2482
"../../../Engine/Shaders/Private/HairStrands/HairStrandsMaterialPS.usf" 2483
"../../../Engine/Shaders/Private/HairStrands/HairStrandsMaterialCommon.ush" 2484
"../../../Engine/Shaders/Private/HairStrands/HairStrandsMaterialVS.usf" 2485
"../../../Engine/Shaders/Private/HairStrands/HairStrandsLightSample.usf" 2486
"../../../Engine/Shaders/Private/HairStrands/HairStrandsDeepShadowMask.usf" 2487
"../../../Engine/Shaders/Private/HairStrands/HairStrandsDeepTransmittanceMask.usf" 2488
"../../../Engine/Shaders/Private/HairStrands/HairStrandsVisibilityTile.usf" 2489
"../../../Engine/Shaders/Private/HairStrands/HairStrandsDeepShadowPS.usf" 2490
"../../../Engine/Shaders/Private/HairStrands/HairStrandsDeepShadowVS.usf" 2491
"../../../Engine/Shaders/Private/HairStrands/HairStrandsLUT.usf" 2492
"../../../Engine/Shaders/Private/HairStrands/HairStrandsEnvironmentLighting.usf" 2493
"../../../Engine/Shaders/Private/HairStrands/HairStrandsEnvironmentAO.usf" 2494
"../../../Engine/Shaders/Private/HairStrands/HairStrandsDeepShadowAllocation.usf" 2495
"../../../Engine/Shaders/Private/HairStrands/HairStrandsVoxelDepthInjection.usf" 2496
"../../../Engine/Shaders/Private/HairStrands/HairStrandsVoxelPageRayMarching.usf" 2497
"../../../Engine/Shaders/Private/HairStrands/HairStrandsGBufferWrite.usf" 2498
"../../../Engine/Shaders/Private/HairStrands/HairStrandsGBufferCommon.ush" 2499
"../../../Engine/Shaders/Private/HairStrands/HairStrandsVisibilityComposeSubPixelPS.usf" 2500
"../../../Engine/Shaders/Private/HairStrands/HairStrandsAABB.usf" 2501
"../../../Engine/Shaders/Private/GPUScene/GPUSceneDataManagement.usf" 2502
"../../../Engine/Shaders/Private/GPUSceneDebugRender.usf" 2503
"../../../Engine/Shaders/Private/GPUFastFourierTransform.usf" 2504
"../../../Engine/Shaders/Private/GPUFastFourierTransform2DCore.ush" 2505
"../../../Engine/Shaders/Private/GPUFastFourierTransformCore.ush" 2506
"../../../Engine/Shaders/Private/GPUBenchmark.usf" 2507
"../../../Engine/Shaders/Private/DistanceField/GlobalDistanceFieldDebug.usf" 2508
"../../../Engine/Shaders/Private/DistanceField/GlobalDistanceFieldMip.usf" 2509
"../../../Engine/Shaders/Private/DistanceField/GlobalDistanceField.usf" 2510
"../../../Engine/Shaders/Private/DistanceField/GlobalDistanceFieldUpdate.ush" 2511
"../../../Engine/Shaders/Private/DistanceField/GlobalDistanceFieldCompositeObjects.usf" 2512
"../../../Engine/Shaders/Private/DistanceField/GlobalDistanceFieldHeightfields.usf" 2513
"../../../Engine/Shaders/Private/HeightfieldLightingShared.ush" 2514
"../../../Engine/Shaders/Private/GenerateConservativeDepth.usf" 2515
"../../../Engine/Shaders/Private/HeightFogPixelShader.usf" 2516
"../../../Engine/Shaders/Private/HeightFogVertexShader.usf" 2517
"../../../Engine/Shaders/Private/DistortFiltering.usf" 2518
"../../../Engine/Shaders/Private/DistortAccumulatePS.usf" 2519
"../../../Engine/Shaders/Private/DistortAccumulateVS.usf" 2520
"../../../Engine/Shaders/Private/DistanceFieldVisualization.usf" 2521
"../../../Engine/Shaders/Private/DistanceFieldStreaming.usf" 2522
"../../../Engine/Shaders/Private/DistanceFieldShadowing.usf" 2523
"../../../Engine/Shaders/Private/DistanceFieldScreenGridLighting.usf" 2524
"../../../Engine/Shaders/Private/DistanceFieldObjectCulling.usf" 2525
"../../../Engine/Shaders/Private/DistanceFieldLightingPost.usf" 2526
"../../../Engine/Shaders/Private/DitheredTransitionStencil.usf" 2527
"../../../Engine/Shaders/Private/DepthOnlyPixelShader.usf" 2528
"../../../Engine/Shaders/Private/DepthOnlyVertexShader.usf" 2529
"../../../Engine/Shaders/Private/PositionOnlyDepthVertexShader.usf" 2530
"../../../Engine/Shaders/Private/DeferredDecal.usf" 2531
"../../../Engine/Shaders/Private/DecalCommon.ush" 2532
"../../../Engine/Shaders/Private/DebugViewModeVertexShader.usf" 2533
"../../../Engine/Shaders/Private/DebugViewModeCommon.ush" 2534
"../../../Engine/Shaders/Private/DebugViewModePixelShader.usf" 2535
"../../../Engine/Shaders/Private/DebugProbes.usf" 2536
"../../../Engine/Shaders/Private/MeshDecals.usf" 2537
"../../../Engine/Shaders/Private/PostProcessAmbientOcclusion.usf" 2538
"../../../Engine/Shaders/Private/ClusteredDeferredShadingPixelShader.usf" 2539
"../../../Engine/Shaders/Private/ClusteredDeferredShadingVertexShader.usf" 2540
"../../../Engine/Shaders/Private/CapsuleShadowShaders.usf" 2541
"../../../Engine/Shaders/Private/BasePassPixelShader.usf" 2542
"../../../Engine/Shaders/Private/ThinTranslucentCommon.ush" 2543
"../../../Engine/Shaders/Private/ForwardLightingCommon.ush" 2544
"../../../Engine/Shaders/Private/Strata/StrataForwardLighting.ush" 2545
"../../../Engine/Shaders/Private/ComputeShaderOutputCommon.ush" 2546
"../../../Engine/Shaders/Private/BasePassVertexShader.usf" 2547
"../../../Engine/Shaders/Private/BasePassVertexCommon.ush" 2548
"../../../Engine/Shaders/Private/AnisotropyPassShader.usf" 2549
"../../../Engine/Shaders/Private/SimpleElementVolumeTexturePreviewPixelShader.usf" 2550
"../../../Engine/Shaders/Private/SimpleElementTexture2DPreviewPixelShader.usf" 2551
"../../../Engine/Shaders/Private/meshpaintdilatepixelshader.usf" 2552
"../../../Engine/Shaders/Private/meshpaintdilatevertexshader.usf" 2553
"../../../Engine/Shaders/Private/MeshPaintPixelShader.usf" 2554
"../../../Engine/Shaders/Private/MeshPaintVertexShader.usf" 2555
"../../../Engine/Shaders/Private/Tools/VisualizeTexture.usf" 2556
"../../../Engine/Shaders/Private/ByteBuffer.usf" 2557
"../../../Engine/Shaders/Private/ResolveVertexShader.usf" 2558
"../../../Engine/Shaders/Private/ResolvePixelShader.usf" 2559
"../../../Engine/Shaders/Private/Tools/SetupIndirectArgs.usf" 2560
"../../../Engine/Shaders/Private/Tools/ClearUAV.usf" 2561
"../../../Engine/Shaders/Private/ClearReplacementShaders.usf" 2562
"../../../Engine/Shaders/Private/Tools/DrawTexture.usf" 2563
"../../../Engine/Shaders/Private/RayTracing/RayTracingValidation.usf" 2564
"../../../Engine/Shaders/Private/RenderGraphUtilities.usf" 2565
"../../../Engine/Shaders/Private/OneColorShader.usf" 2566
"../../../Engine/Shaders/Private/OculusShaders.usf" 2567
"../../../Engine/Shaders/Private/MediaShaders.usf" 2568
"../../../Engine/Shaders/Private/GPUMessaging.usf" 2569
"../../../Engine/Shaders/Private/NullPixelShader.usf" 2570
"../../../Engine/Shaders/Private/ComputeGenerateMips.usf" 2571
"../../../Engine/Shaders/Private/Tools/DumpTexture.usf" 2572
"../../../Engine/Shaders/Private/CopyTextureShaders.usf" 2573
"../../../Engine/Shaders/Private/Tools/FullscreenVertexShader.usf" 2574
"../../../Engine/Shaders/Private/RayTracing/RayTracingDispatchDesc.usf" 2575
"../../../Engine/Shaders/Private/RayTracing/RayTracingBuiltInShaders.usf" 2576
"../../../Engine/Shaders/Private/Bink.usf" 2577
"../../../../../../Project_T/Intermediate/ShaderAutogen/PCD3D_SM5/AutogenShaderHeaders.ush" 2578
"C:/Program Files/Epic Games/UE_5.1/Engine/Plugins/2D/Paper2D/Content/DummySprite.uasset" 2579
"C:/Program Files/Epic Games/UE_5.1/Engine/Plugins/2D/Paper2D/Content/Tutorial/Paper2D/TutorialAssets/TutorialFlipBook.uasset" 2580
"C:/Program Files/Epic Games/UE_5.1/Engine/Plugins/2D/Paper2D/Content/Tutorial/Paper2D/TutorialAssets/TutorialSprite.uasset" 2581
"C:/Program Files/Epic Games/UE_5.1/Engine/Plugins/Animation/ControlRig/Content/StandardFunctionLibrary/StandardFunctionLibrary.uasset" 2582
"C:/Program Files/Epic Games/UE_5.1/Engine/Plugins/Animation/ControlRigSpline/Content/SplineFunctionLibrary/SplineFunctionLibrary.uasset" 2583
"C:/Project_T/Content/Characters/Mannequins/Rigs/RTG_Mannequin.uasset" 2584
"C:/Project_T/Content/Characters/Mannequins/Rigs/IK_Mannequin.uasset" 2585
"C:/Project_T/Content/Characters/Mannequins/Rigs/CR_Mannequin_Procedural.uasset" 2586
"C:/Project_T/Content/Characters/Mannequins/Rigs/CR_Mannequin_BasicFootIK.uasset" 2587
"C:/Project_T/Content/Characters/Mannequins/Rigs/CR_Mannequin_Body.uasset" 2588
"C:/Project_T/Content/Characters/Mannequin_UE4/Rigs/RTG_UE5Manny_UE4Manny.uasset" 2589
"C:/Project_T/Content/Characters/Mannequin_UE4/Rigs/RTG_UE4Manny_UE5Manny.uasset" 2590
"C:/Project_T/Content/Characters/Mannequin_UE4/Rigs/IK_UE4_Mannequin.uasset" 2591
"C:/Project_T/Content/SlimeAnimation/NewLevelSequence.uasset" 2592
"C:/Project_T/Content/SlimeAnimation/Move_Seq.uasset" 2593
"C:/Project_T/Content/SlimeAnimation/Idle_Seq.uasset" 2594
"C:/Project_T/Content/SlimeAnimation/Attack_Seq.uasset" 2595
"../../../Engine/Content/EditorResources/S_Actor.uasset" 2596
"C:/Users/kbc12306133/AppData/Local/UnrealEngine/Common/DerivedDataCache/Buckets/BulkDataList/ab/e1/28f3c4bb1d829be5b74a45ff0a1e3d794b22.udd" 2597
"../../../../../../Project_T/Intermediate/ShaderAutogen/PCD3D_SM6/AutogenShaderHeaders.ush" 2598
"../../../../../../Project_T/Intermediate/ShaderAutogen/PCD3D_ES3_1/AutogenShaderHeaders.ush" 2599
"../../../Engine/Content/EditorResources/S_BoxReflectionCapture.uasset" 2600
"C:/Users/kbc12306133/AppData/Local/UnrealEngine/Common/DerivedDataCache/Buckets/BulkDataList/17/40/e71cf1afaf6b47f16c60f651290adbe466cf.udd" 2601
"../../../Engine/Content/EngineResources/DefaultTexture.uasset" 2602
"C:/Users/kbc12306133/AppData/Local/UnrealEngine/Common/DerivedDataCache/Buckets/BulkDataList/59/cb/6f69aa75cfee11fa604c7d2a76c476068a9e.udd" 2603
"../../../Engine/Content/EngineResources/DefaultTextureCube.uasset" 2604
"C:/Users/kbc12306133/AppData/Local/UnrealEngine/Common/DerivedDataCache/Buckets/BulkDataList/f0/18/1517a442a4f2798f43cdada518653630619d.udd" 2605
"../../../Engine/Content/EngineResources/DefaultVolumeTexture.uasset" 2606
"../../../Engine/Content/EngineResources/DefaultVolumeTexture2D.uasset" 2607
"C:/Users/kbc12306133/AppData/Local/UnrealEngine/Common/DerivedDataCache/Buckets/BulkDataList/3a/bd/65d4fd83bb5bb5b868091985f5f850c19757.udd" 2608
"C:/Users/kbc12306133/AppData/Local/UnrealEngine/Common/DerivedDataCache/Buckets/BulkDataList/89/d3/9eb55bd3baf8b4fcd657be04d4c1707df6a4.udd" 2609
"../../../Engine/Content/EngineFonts/RobotoDistanceField.uasset" 2610
"C:/Users/kbc12306133/AppData/Local/UnrealEngine/Common/DerivedDataCache/Buckets/BulkDataList/22/65/27ea9758d46a567d7da71d6ef78f70b6ec1c.udd" 2611
"../../../Engine/Content/EngineMaterials/DefaultTextMaterialOpaque.uasset" 2612
"../../../Engine/Content/Functions/Engine_MaterialFunctions01/Shading/PowerToRoughness.uasset" 2613
"../../../Engine/Content/Functions/Engine_MaterialFunctions01/Shading/ConvertFromDiffSpec.uasset" 2614
"../../../Engine/Content/EngineMaterials/WorldGridMaterial.uasset" 2615
"../../../Engine/Content/Functions/Engine_MaterialFunctions01/Opacity/CameraDepthFade.uasset" 2616
"../../../Engine/Content/EngineMaterials/T_Default_Material_Grid_M.uasset" 2617
"../../../Engine/Content/EngineMaterials/T_Default_Material_Grid_N.uasset" 2618
"../../../Engine/Content/EngineMaterials/DefaultDeferredDecalMaterial.uasset" 2619
"../../../Engine/Content/EngineMaterials/DefaultDiffuse.uasset" 2620
"../../../Engine/Content/EngineMaterials/DefaultLightFunctionMaterial.uasset" 2621
"../../../Engine/Content/EngineMaterials/DefaultPostProcessMaterial.uasset" 2622
"../../../Engine/Content/Functions/Engine_MaterialFunctions02/Utility/BreakOutFloat2Components.uasset" 2623
"C:/Users/kbc12306133/AppData/Local/UnrealEngine/Common/DerivedDataCache/Buckets/BulkDataList/5f/b6/911bfef8a92468bb1f37b75dbac8b858dd81.udd" 2624
"C:/Users/kbc12306133/AppData/Local/UnrealEngine/Common/DerivedDataCache/Buckets/BulkDataList/88/31/93dff1dc06b35565166a261d41e11da2a48b.udd" 2625
"C:/Users/kbc12306133/AppData/Local/UnrealEngine/Common/DerivedDataCache/Buckets/BulkDataList/c7/92/e1b83a01806ef3a70bd1817f8ad679a1e89e.udd" 2626
"../../../Engine/Content/EditorResources/S_Trigger.uasset" 2627
"C:/Users/kbc12306133/AppData/Local/UnrealEngine/Common/DerivedDataCache/Buckets/BulkDataList/e5/6c/e3bd5fa9e5443bed0e82b2ed555187b53055.udd" 2628
"../../../Engine/Content/EditorResources/S_TriggerBox.uasset" 2629
"C:/Users/kbc12306133/AppData/Local/UnrealEngine/Common/DerivedDataCache/Buckets/BulkDataList/f1/75/098563fac57ff4d629a4e0a80e45107bdd38.udd" 2630
"../../../Engine/Content/EditorResources/S_TriggerCapsule.uasset" 2631
"C:/Users/kbc12306133/AppData/Local/UnrealEngine/Common/DerivedDataCache/Buckets/BulkDataList/f8/cb/5f6b7b3d39c31ddb2f5692d1b0cbb106d1c3.udd" 2632
"../../../Engine/Content/EditorResources/S_TriggerSphere.uasset" 2633
"C:/Users/kbc12306133/AppData/Local/UnrealEngine/Common/DerivedDataCache/Buckets/BulkDataList/40/77/a4bcf1a284f5fd5081f1c09403ddf2e2df07.udd" 2634
"../../../Engine/Content/EngineDamageTypes/DmgTypeBP_Environmental.uasset" 2635
"../../../Engine/Content/EngineSky/VolumetricClouds/m_SimpleVolumetricCloud_Inst.uasset" 2636
"../../../Engine/Content/EngineSky/VolumetricClouds/m_SimpleVolumetricCloud.uasset" 2637
"../../../Engine/Content/Functions/Engine_MaterialFunctions02/Utility/MakeFloat2.uasset" 2638
"../../../Engine/Content/EngineSky/VolumetricClouds/CloudGradientTexture.uasset" 2639
"../../../Engine/Content/EngineSky/VolumetricClouds/CloudWeatherTexture.uasset" 2640
"../../../Engine/Content/EngineSky/VolumetricClouds/T_VolumeNoiseErosion32.uasset" 2641
"../../../Engine/Content/EngineSky/VolumetricClouds/T_NoiseErosion.uasset" 2642
"../../../Engine/Content/EngineSky/VolumetricClouds/T_VolumeNoiseShape64.uasset" 2643
"../../../Engine/Content/EngineSky/VolumetricClouds/T_NoiseShape64.uasset" 2644
"C:/Users/kbc12306133/AppData/Local/UnrealEngine/Common/DerivedDataCache/Buckets/BulkDataList/49/10/3d1dd35ac9546570d22a5a5cafb8abba70bf.udd" 2645
"C:/Users/kbc12306133/AppData/Local/UnrealEngine/Common/DerivedDataCache/Buckets/BulkDataList/18/ae/a60f26a3139c3a6cc4b0f1ea9ddf011eb47a.udd" 2646
"C:/Users/kbc12306133/AppData/Local/UnrealEngine/Common/DerivedDataCache/Buckets/BulkDataList/d8/dd/f825a4ded389946dc97333e0b7efff29473a.udd" 2647
"C:/Users/kbc12306133/AppData/Local/UnrealEngine/Common/DerivedDataCache/Buckets/BulkDataList/18/9f/3d54df665ceb9d58380df2d3c5954beaa633.udd" 2648
"C:/Users/kbc12306133/AppData/Local/UnrealEngine/Common/DerivedDataCache/Buckets/BulkDataList/a2/ec/11dfb260f13a725e3deb7284c3e9b9e565f1.udd" 2649
"C:/Users/kbc12306133/AppData/Local/UnrealEngine/Common/DerivedDataCache/Buckets/BulkDataList/0e/61/b53ab4e7d659859f1d5acaa5f328820a3c8a.udd" 2650
"../../../Engine/Content/EngineMeshes/Sphere.uasset" 2651
"C:/Users/kbc12306133/AppData/Local/UnrealEngine/Common/DerivedDataCache/Buckets/LegacyNavCollision/94/37/4c3f5535d8f986b34ca221a8b4758dc6b152.udd" 2652
"../../../Engine/Content/EngineResources/WhiteSquareTexture.uasset" 2653
"C:/Users/kbc12306133/AppData/Local/UnrealEngine/Common/DerivedDataCache/Buckets/BulkDataList/91/39/ce419c718844ec0cbb3521c14f73bbe4610a.udd" 2654
"../../../Engine/Content/EngineResources/GradientTexture0.uasset" 2655
"C:/Users/kbc12306133/AppData/Local/UnrealEngine/Common/DerivedDataCache/Buckets/BulkDataList/aa/47/dc2fbf179e8e512ba5cc0610fb88f548ff1c.udd" 2656
"../../../Engine/Content/EngineResources/Black.uasset" 2657
"C:/Users/kbc12306133/AppData/Local/UnrealEngine/Common/DerivedDataCache/Buckets/BulkDataList/2e/6c/b6949f949a1105e855d38880f66e4d96e0eb.udd" 2658
"../../../Engine/Content/EditorMaterials/WorldPartition/WorldPartitionSpatialHashGridPreviewMaterial.uasset" 2659
"../../../Engine/Content/Functions/Engine_MaterialFunctions02/Utility/BreakOutFloat3Components.uasset" 2660
"../../../Engine/Content/Functions/Engine_MaterialFunctions02/Utility/MakeFloat3.uasset" 2661
"../../../Engine/Content/Functions/Engine_MaterialFunctions02/Utility/MakeFloat4.uasset" 2662
"../../../Engine/Content/EngineMaterials/Widget3DPassThrough_Translucent.uasset" 2663
"../../../Engine/Content/EngineMaterials/Widget3DPassThrough.uasset" 2664
"../../../Engine/Content/EngineMaterials/Widget3DPassThrough_Translucent_OneSided.uasset" 2665
"../../../Engine/Content/EngineMaterials/Widget3DPassThrough_Opaque.uasset" 2666
"../../../Engine/Content/EngineMaterials/Widget3DPassThrough_Opaque_OneSided.uasset" 2667
"../../../Engine/Content/EngineMaterials/Widget3DPassThrough_Masked.uasset" 2668
"../../../Engine/Content/EngineMaterials/Widget3DPassThrough_Masked_OneSided.uasset" 2669
"../../../Engine/Content/VREditor/TransformGizmo/PlaneTranslationHandle.uasset" 2670
"../../../Engine/Content/VREditor/TransformGizmo/TransformGizmoMaterial.uasset" 2671
"../../../Engine/Content/VREditor/LaserPointer/VR_LaserPower_01.uasset" 2672
"../../../Engine/Content/VREditor/TransformGizmo/TranslucentTransformGizmoMaterial.uasset" 2673
"C:/Users/kbc12306133/AppData/Local/UnrealEngine/Common/DerivedDataCache/Buckets/BulkDataList/d1/92/1697a0ddc46842f9c9e21e5c192bc3341ce0.udd" 2674
"../../../Engine/Content/VREditor/TransformGizmo/BoundingBoxCorner.uasset" 2675
"../../../Engine/Content/VREditor/TransformGizmo/BoundingBoxEdge.uasset" 2676
"../../../Engine/Content/VREditor/TransformGizmo/SM_Sequencer_Node.uasset" 2677
"../../../Engine/Content/VREditor/TransformGizmo/Main.uasset" 2678
"../../../Engine/Content/VREditor/TransformGizmo/Xray.uasset" 2679
"../../../Engine/Content/EditorMeshes/Camera/SM_CraneRig_Base.uasset" 2680
"../../../Engine/Content/EditorMaterials/Camera/MI_CineMat_Rig.uasset" 2681
"../../../Engine/Content/EditorMaterials/Camera/CineMat.uasset" 2682
"../../../Engine/Content/EditorMeshes/Camera/SM_CraneRig_Arm.uasset" 2683
"../../../Engine/Content/EditorMeshes/Camera/SM_CraneRig_Mount.uasset" 2684
"../../../Engine/Content/EditorMeshes/Camera/SM_CraneRig_Body.uasset" 2685
"../../../Engine/Content/EditorMeshes/Camera/SM_RailRig_Track.uasset" 2686
"../../../Engine/Content/EditorMeshes/Camera/SM_RailRig_Mount.uasset" 2687
"../../../Engine/Content/ArtTools/RenderToTexture/Meshes/S_1_Unit_Plane.uasset" 2688
"../../../Engine/Content/EngineDebugMaterials/M_SimpleUnlitTranslucent.uasset" 2689
"../../../Engine/Content/EngineFonts/Roboto.uasset" 2690
"../../../Engine/Content/EngineFonts/Faces/DroidSansFallback.uasset" 2691
"../../../Engine/Content/EngineFonts/Faces/RobotoBold.uasset" 2692
"../../../Engine/Content/EngineFonts/Faces/RobotoBoldItalic.uasset" 2693
"../../../Engine/Content/EngineFonts/Faces/RobotoItalic.uasset" 2694
"../../../Engine/Content/EngineFonts/Faces/RobotoLight.uasset" 2695
"../../../Engine/Content/EngineFonts/Faces/RobotoRegular.uasset" 2696
"../../../Engine/Content/EditorMaterials/ParticleSystems/PSysThumbnail_NoImage.uasset" 2697
"C:/Users/kbc12306133/AppData/Local/UnrealEngine/Common/DerivedDataCache/Buckets/BulkDataList/13/8d/bf161cf38ae84dd253241067bac44627115f.udd" 2698
"../../../Engine/Content/EditorMaterials/ParticleSystems/PSysThumbnail_OOD.uasset" 2699
"C:/Users/kbc12306133/AppData/Local/UnrealEngine/Common/DerivedDataCache/Buckets/BulkDataList/f5/f5/541556360273d571fd222e0b441c24391840.udd" 2700
"../../../Engine/Content/EditorLandscapeResources/SplineEditorMesh.uasset" 2701
"../../../Engine/Content/EditorLandscapeResources/SplineEditorMeshMat.uasset" 2702
"../../../Engine/Content/EditorLandscapeResources/DataLayer.uasset" 2703
"../../Plugins/Runtime/HairStrands/Content/Materials/HairDebugMaterial.uasset" 2704
"../../../Engine/Content/EngineMaterials/HairColorMap.uasset" 2705
"../../../Engine/Content/EngineMaterials/HairDebugColor.uasset" 2706
"../../Plugins/Runtime/HairStrands/Content/Materials/HairGroupColors.uasset" 2707
"C:/Users/kbc12306133/AppData/Local/UnrealEngine/Common/DerivedDataCache/Buckets/BulkDataList/91/06/d93184c9a625508ddd5db8e24c1d3fec39de.udd" 2708
"C:/Users/kbc12306133/AppData/Local/UnrealEngine/Common/DerivedDataCache/Buckets/BulkDataList/6b/8b/90391321d30b9d321f5af7370324a95e6704.udd" 2709
"C:/Users/kbc12306133/AppData/Local/UnrealEngine/Common/DerivedDataCache/Buckets/BulkDataList/df/85/f402c1dba0c15d08a1ce45003377e0736637.udd" 2710
"../../Plugins/Runtime/HairStrands/Content/Materials/HairDefaultMaterial.uasset" 2711
"../../Plugins/Runtime/HairStrands/Content/Materials/HairCardsDefaultMaterial.uasset" 2712
"../../Plugins/Runtime/HairStrands/Content/Materials/HairMeshesDefaultMaterial.uasset" 2713
"../../../Engine/Content/EditorResources/S_Solver.uasset" 2714
"C:/Users/kbc12306133/AppData/Local/UnrealEngine/Common/DerivedDataCache/Buckets/BulkDataList/68/d4/ddae86f62f1c4488e3eb792dc0ffe733ed57.udd" 2715
"../../../Engine/Content/EngineDebugMaterials/VolumeToRender.uasset" 2716
"C:/Users/kbc12306133/AppData/Local/UnrealEngine/Common/DerivedDataCache/Buckets/BulkDataList/75/3b/554b753c0dc0481d6063de45eb04d3335dd8.udd" 2717
"../../../Engine/Content/EngineDebugMaterials/M_VolumeRenderSphereTracePP.uasset" 2718
"../../../Engine/Content/Functions/Engine_MaterialFunctions02/Utility/CameraDirectionVector.uasset" 2719
"../../../Engine/Content/Internationalization/icudt64l/coll/ucadata.icu" 2720
"../../../Engine/Content/Internationalization/icudt64l/coll/ja.res" 2721
"../../../Engine/Content/Internationalization/icudt64l/coll/root.res" 2722
"../../../Engine/Content/Animation/DefaultAnimBoneCompressionSettings.uasset" 2723
"../../../Engine/Content/Animation/DefaultRecorderBoneCompression.uasset" 2724
"../../../Engine/Content/Animation/DefaultAnimCurveCompressionSettings.uasset" 2725
"../../Plugins/2D/Paper2D/Content/MaskedUnlitSpriteMaterial.uasset" 2726
"../../Plugins/2D/Paper2D/Content/DefaultSpriteMaterial.uasset" 2727
"../../Plugins/2D/Paper2D/Content/PlaceholderTextures/DummySpriteTexture.uasset" 2728
"C:/Users/kbc12306133/AppData/Local/UnrealEngine/Common/DerivedDataCache/Buckets/BulkDataList/e5/86/f34aaba352c4229a8b28e947371f3c7b03f9.udd" 2729
"../../Plugins/2D/Paper2D/Content/OpaqueUnlitSpriteMaterial.uasset" 2730
"../../Plugins/2D/Paper2D/Content/DefaultPaperTerrainMaterial.uasset" 2731
"../../Plugins/2D/Paper2D/Content/DummySprite.uasset" 2732
"../../Plugins/Animation/ControlRig/Content/Controls/ControlRigXRayMaterial.uasset" 2733
"../../Plugins/Animation/ControlRig/Content/Controls/DefaultGizmoLibraryNormalized.uasset" 2734
"../../Plugins/Animation/ControlRig/Content/M_Manip.uasset" 2735
"../../../Engine/Content/Functions/Engine_MaterialFunctions02/WorldPositionOffset/CameraOffset.uasset" 2736
"../../Plugins/Editor/SpeedTreeImporter/Content/SpeedTree9/SpeedTreeMaster.uasset" 2737
"../../../Engine/Content/Functions/Engine_MaterialFunctions02/ObjectLocalBounds.uasset" 2738
"../../../Engine/Content/Functions/Engine_MaterialFunctions02/SafeNormalize.uasset" 2739
"../../../Engine/Content/Functions/Engine_MaterialFunctions02/Utility/VectorLength.uasset" 2740
"../../../Engine/Content/Functions/Engine_MaterialFunctions02/UVs/BoundingBoxBased_0-1_UVW.uasset" 2741
"../../../Engine/Content/Functions/Engine_MaterialFunctions02/WorldPositionOffset/ObjectScale.uasset" 2742
"../../Plugins/Editor/SpeedTreeImporter/Content/SpeedTree9/SpeedTreeBranchMotion.uasset" 2743
"../../Plugins/Editor/SpeedTreeImporter/Content/SpeedTree9/SpeedTreeWindMotion.uasset" 2744
"../../Plugins/Editor/SpeedTreeImporter/Content/SpeedTree9/game_wind_noise.uasset" 2745
"../../Plugins/Editor/SpeedTreeImporter/Content/SpeedTree9/UnpackDirection.uasset" 2746
"../../Plugins/Editor/SpeedTreeImporter/Content/SpeedTree9/UnpackInteger3.uasset" 2747
"../../Plugins/Editor/SpeedTreeImporter/Content/SpeedTree9/SpeedTreeCameraFacing.uasset" 2748
"../../Plugins/Editor/SpeedTreeImporter/Content/SpeedTree9/SpeedTreeWind.uasset" 2749
"../../Plugins/Editor/SpeedTreeImporter/Content/SpeedTree9/Empty.uasset" 2750
"../../Plugins/Editor/SpeedTreeImporter/Content/SpeedTree9/EmptyNormal.uasset" 2751
"C:/Users/kbc12306133/AppData/Local/UnrealEngine/Common/DerivedDataCache/Buckets/BulkDataList/7d/59/f2fac574dbf5ea1b9182d6ef5f7ed7ba9e1b.udd" 2752
"C:/Users/kbc12306133/AppData/Local/UnrealEngine/Common/DerivedDataCache/Buckets/BulkDataList/10/01/586f2f1bc4621f64790412cb260dc9e79df6.udd" 2753
"C:/Users/kbc12306133/AppData/Local/UnrealEngine/Common/DerivedDataCache/Buckets/BulkDataList/54/30/0a488ecbdfa36dd20e42f79d0bb2a03398e0.udd" 2754
"../../Plugins/Editor/SpeedTreeImporter/Content/SpeedTree9/SpeedTreeBillboardMaster.uasset" 2755
"../../Plugins/Editor/SpeedTreeImporter/Content/SpeedTree9/SpeedTreeBillboard.uasset" 2756
"C:/Program Files/Epic Games/UE_5.1/Engine/Binaries/ThirdParty/USD/UsdResources/Win64/plugins/plugInfo.json" 2757
"C:/Program Files/Epic Games/UE_5.1/Engine/Binaries/ThirdParty/USD/UsdResources/Win64/plugins/ndr/resources/plugInfo.json" 2758
"C:/Program Files/Epic Games/UE_5.1/Engine/Binaries/ThirdParty/USD/UsdResources/Win64/plugins/sdf/resources/plugInfo.json" 2759
"C:/Program Files/Epic Games/UE_5.1/Engine/Binaries/ThirdParty/USD/UsdResources/Win64/plugins/usdLux/resources/plugInfo.json" 2760
"C:/Program Files/Epic Games/UE_5.1/Engine/Binaries/ThirdParty/USD/UsdResources/Win64/plugins/ar/resources/plugInfo.json" 2761
"C:/Program Files/Epic Games/UE_5.1/Engine/Binaries/ThirdParty/USD/UsdResources/Win64/plugins/usdRender/resources/plugInfo.json" 2762
"C:/Program Files/Epic Games/UE_5.1/Engine/Binaries/ThirdParty/USD/UsdResources/Win64/plugins/usdGeom/resources/plugInfo.json" 2763
"C:/Program Files/Epic Games/UE_5.1/Engine/Binaries/ThirdParty/USD/UsdResources/Win64/plugins/usdAbc/resources/plugInfo.json" 2764
"C:/Program Files/Epic Games/UE_5.1/Engine/Binaries/ThirdParty/USD/UsdResources/Win64/plugins/usdMtlx/resources/plugInfo.json" 2765
"C:/Program Files/Epic Games/UE_5.1/Engine/Binaries/ThirdParty/USD/UsdResources/Win64/plugins/usdShade/resources/plugInfo.json" 2766
"C:/Program Files/Epic Games/UE_5.1/Engine/Binaries/ThirdParty/USD/UsdResources/Win64/plugins/usdMedia/resources/plugInfo.json" 2767
"C:/Program Files/Epic Games/UE_5.1/Engine/Binaries/ThirdParty/USD/UsdResources/Win64/plugins/usdProc/resources/plugInfo.json" 2768
"C:/Program Files/Epic Games/UE_5.1/Engine/Binaries/ThirdParty/USD/UsdResources/Win64/plugins/usdHydra/resources/plugInfo.json" 2769
"C:/Program Files/Epic Games/UE_5.1/Engine/Binaries/ThirdParty/USD/UsdResources/Win64/plugins/usdRi/resources/plugInfo.json" 2770
"C:/Program Files/Epic Games/UE_5.1/Engine/Binaries/ThirdParty/USD/UsdResources/Win64/plugins/usdSkel/resources/plugInfo.json" 2771
"C:/Program Files/Epic Games/UE_5.1/Engine/Binaries/ThirdParty/USD/UsdResources/Win64/plugins/usdPhysics/resources/plugInfo.json" 2772
"C:/Program Files/Epic Games/UE_5.1/Engine/Binaries/ThirdParty/USD/UsdResources/Win64/plugins/usd/resources/plugInfo.json" 2773
"C:/Program Files/Epic Games/UE_5.1/Engine/Binaries/ThirdParty/USD/UsdResources/Win64/plugins/usdVol/resources/plugInfo.json" 2774
"C:/Program Files/Epic Games/UE_5.1/Engine/Binaries/ThirdParty/USD/UsdResources/Win64/plugins/usdUI/resources/plugInfo.json" 2775
"C:/Program Files/Epic Games/UE_5.1/Engine/Binaries/ThirdParty/USD/UsdResources/Win64/plugins/unreal/resources/plugInfo.json" 2776
"C:/Program Files/Epic Games/UE_5.1/Engine/Binaries/ThirdParty/USD/UsdResources/Win64/plugins/usd/resources/codegenTemplates/plugInfo.json" 2777
"../../../Engine/Content/BasicShapes/BasicShapeMaterial.uasset" 2778
"../../Plugins/Media/MediaPlate/Content/SM_MediaPlateScreen.uasset" 2779
"C:/Project_T/Saved/Config/WindowsEditor/ObjectMixerSerializedData.ini" 2780
"../../../Engine/Content/EngineMaterials/RemoveSurfaceMaterial.uasset" 2781
"../../../Engine/Content/EngineDebugMaterials/DebugMeshMaterial.uasset" 2782
"../../../Engine/Content/EngineMaterials/EmissiveMeshMaterial.uasset" 2783
"../../../Engine/Content/EngineMaterials/DefaultWhiteGrid_Low.uasset" 2784
"C:/Users/kbc12306133/AppData/Local/UnrealEngine/Common/DerivedDataCache/Buckets/BulkDataList/46/a8/a4436ad73b1135e16b205d713dffe3c02c02.udd" 2785
"../../../Engine/Content/EngineMaterials/M_InvalidLightmapSettings.uasset" 2786
"../../../Engine/Content/EngineMaterials/InvalidLightmapSettings.uasset" 2787
"C:/Users/kbc12306133/AppData/Local/UnrealEngine/Common/DerivedDataCache/Buckets/BulkDataList/28/04/3ccd365b143dc73ca397f73edb2432c2800a.udd" 2788
"../../../Engine/Content/EngineMaterials/GizmoMaterial.uasset" 2789
"../../../Engine/Content/EngineMaterials/PhAT_JointLimitMaterial.uasset" 2790
"../../../Engine/Content/EngineMaterials/FlattenMaterial.uasset" 2791
"../../../Engine/Content/EngineMaterials/BaseFlattenDiffuseMap.uasset" 2792
"../../../Engine/Content/EngineMaterials/BaseFlattenEmissiveMap.uasset" 2793
"../../../Engine/Content/EngineMaterials/BaseFlattenGrayscaleMap.uasset" 2794
"../../../Engine/Content/EngineMaterials/BaseFlattenLinearColor.uasset" 2795
"../../../Engine/Content/EngineMaterials/BaseFlattenNormalMap.uasset" 2796
"../../../Engine/Content/Functions/Engine_MaterialFunctions02/PivotPainter2/Black_1x1_EXR_Texture.uasset" 2797
"C:/Users/kbc12306133/AppData/Local/UnrealEngine/Common/DerivedDataCache/Buckets/BulkDataList/2a/5b/a8de17739d6666fa9ded5e569a2002491934.udd" 2798
"C:/Users/kbc12306133/AppData/Local/UnrealEngine/Common/DerivedDataCache/Buckets/BulkDataList/34/bb/c8912c23a187b3096f37d4bb6e7dc02e77b3.udd" 2799
"C:/Users/kbc12306133/AppData/Local/UnrealEngine/Common/DerivedDataCache/Buckets/BulkDataList/6e/21/c0fd2c88950ff6e61f5bfa8595f8233817a5.udd" 2800
"C:/Users/kbc12306133/AppData/Local/UnrealEngine/Common/DerivedDataCache/Buckets/BulkDataList/84/d4/4aafbbcc4118d7a45902acc8e869bd78b0a2.udd" 2801
"C:/Users/kbc12306133/AppData/Local/UnrealEngine/Common/DerivedDataCache/Buckets/BulkDataList/0b/cc/30e28670a9716131514ca42c028fc821e7ba.udd" 2802
"C:/Users/kbc12306133/AppData/Local/UnrealEngine/Common/DerivedDataCache/Buckets/BulkDataList/cc/9f/b54941e67e95c75b0e54360718663c557e98.udd" 2803
"../../../Engine/Content/EngineMaterials/FlattenMaterial_VT.uasset" 2804
"../../../Engine/Content/EngineMaterials/BaseFlattenDiffuseMap_VT.uasset" 2805
"../../../Engine/Content/EngineMaterials/BaseFlattenEmissiveMap_VT.uasset" 2806
"../../../Engine/Content/EngineMaterials/BaseFlattenGrayscaleMap_VT.uasset" 2807
"../../../Engine/Content/EngineMaterials/BaseFlattenLinearColor_VT.uasset" 2808
"../../../Engine/Content/EngineMaterials/BaseFlattenNormalMap_VT.uasset" 2809
"../../../Engine/Content/EngineMaterials/Black_1x1_EXR_Texture_VT.uasset" 2810
"C:/Users/kbc12306133/AppData/Local/UnrealEngine/Common/DerivedDataCache/Buckets/BulkDataList/33/1a/5c2153b25ea514928f082fc47e97a5e77b15.udd" 2811
"C:/Users/kbc12306133/AppData/Local/UnrealEngine/Common/DerivedDataCache/Buckets/BulkDataList/72/eb/817a5c6e3563243e0e3cc9990be9bc6aa854.udd" 2812
"C:/Users/kbc12306133/AppData/Local/UnrealEngine/Common/DerivedDataCache/Buckets/BulkDataList/c1/cf/ef8cf93e423af1cf1dc63090f5cdb0eb415b.udd" 2813
"C:/Users/kbc12306133/AppData/Local/UnrealEngine/Common/DerivedDataCache/Buckets/BulkDataList/9c/5a/478b0416970ff9f142fe82d743ac6bb75e40.udd" 2814
"C:/Users/kbc12306133/AppData/Local/UnrealEngine/Common/DerivedDataCache/Buckets/BulkDataList/2e/8a/c86de1ccec84fef0a5f18fd197a48afa8c6a.udd" 2815
"C:/Users/kbc12306133/AppData/Local/UnrealEngine/Common/DerivedDataCache/Buckets/BulkDataList/2e/0d/8e312612b7e3958e4ba430781ada290cf268.udd" 2816
"../../../Engine/Content/EngineMaterials/FlattenMaterial_WS_Normal_VT.uasset" 2817
"../../../Engine/Content/EngineMaterials/Good64x64TilingNoiseHighFreq.uasset" 2818
"C:/Users/kbc12306133/AppData/Local/UnrealEngine/Common/DerivedDataCache/Buckets/BulkDataList/94/82/780127b85ae616b8ec49c6f1ec0527418ff5.udd" 2819
"../../../Engine/Content/EngineMaterials/DefaultBokeh.uasset" 2820
"C:/Users/kbc12306133/AppData/Local/UnrealEngine/Common/DerivedDataCache/Buckets/BulkDataList/6b/de/3d764ba5af6d1bc547491e39cc282b6df669.udd" 2821
"../../../Engine/Content/EngineMaterials/PreintegratedSkinBRDF.uasset" 2822
"C:/Users/kbc12306133/AppData/Local/UnrealEngine/Common/DerivedDataCache/Buckets/BulkDataList/c3/b6/9d6cd200bd126067524ce5a7f04effc5294a.udd" 2823
"../../../Engine/Content/EngineMaterials/MiniFont.uasset" 2824
"C:/Users/kbc12306133/AppData/Local/UnrealEngine/Common/DerivedDataCache/Buckets/BulkDataList/1c/9a/798d7bf31df2b9225ddf56cfe07afc9cc145.udd" 2825
"../../../Engine/Content/EngineMaterials/WeightMapPlaceholderTexture.uasset" 2826
"C:/Users/kbc12306133/AppData/Local/UnrealEngine/Common/DerivedDataCache/Buckets/BulkDataList/7d/e3/86b9f367006e1d6136b98356c2142cbf1565.udd" 2827
"../../../Engine/Content/EngineMaterials/DefaultWhiteGrid.uasset" 2828
"C:/Users/kbc12306133/AppData/Local/UnrealEngine/Common/DerivedDataCache/Buckets/BulkDataList/8b/29/609c1ec5884af9e68effb8777a0995741bc4.udd" 2829
"../../../Engine/Content/EngineMaterials/DefaultPhysicalMaterial.uasset" 2830
"../../../Engine/Content/EngineMaterials/DefaultDestructiblePhysicalMaterial.uasset" 2831
"../../../Engine/Content/EditorLandscapeResources/DefaultAlphaTexture.uasset" 2832
"C:/Users/kbc12306133/AppData/Local/UnrealEngine/Common/DerivedDataCache/Buckets/BulkDataList/d8/b9/9410f61b8bc9c3f96263992b95d0db8c9c31.udd" 2833
"../../../Engine/Content/EditorResources/S_Terrain.uasset" 2834
"C:/Users/kbc12306133/AppData/Local/UnrealEngine/Common/DerivedDataCache/Buckets/BulkDataList/6e/56/bbfb415949cd56a0de6874e3d7029ecaaaa8.udd" 2835
"../../../Engine/Content/BasicShapes/Cube.uasset" 2836
"../../../Engine/Content/BasicShapes/Sphere.uasset" 2837
"../../../Engine/Content/EngineMaterials/DefaultMaterial.uasset" 2838
"../../../Engine/Content/BasicShapes/Cylinder.uasset" 2839
"../../../Engine/Content/BasicShapes/Cone.uasset" 2840
"../../../Engine/Content/BasicShapes/Plane.uasset" 2841
"../../Plugins/Runtime/MeshModelingToolset/Content/Materials/M_DynamicMeshComponentVtxColor.uasset" 2842
"../../Plugins/FX/Niagara/Content/ParameterDefinitions/SpriteRenderer.uasset" 2843
"../../Plugins/FX/Niagara/Content/ParameterDefinitions/RibbonRenderer.uasset" 2844
"../../Plugins/FX/Niagara/Content/ParameterDefinitions/MeshRenderer.uasset" 2845
"../../Plugins/FX/Niagara/Content/ParameterDefinitions/LightRenderer.uasset" 2846
"../../Plugins/FX/Niagara/Content/ParameterDefinitions/CoreParameters.uasset" 2847
"../../../Engine/Content/EditorResources/SequenceRecorder/Countdown.uasset" 2848
"C:/Users/kbc12306133/AppData/Local/UnrealEngine/Common/DerivedDataCache/Buckets/BulkDataList/e8/ae/814c9d9f7505e8532442e506ea7586df7f32.udd" 2849
"../../../Engine/Content/EditorResources/SequenceRecorder/RecordingIndicator.uasset" 2850
"C:/Users/kbc12306133/AppData/Local/UnrealEngine/Common/DerivedDataCache/Buckets/BulkDataList/8f/47/387fa870641bde68e7ad0e88aaa0c3612374.udd" 2851
"../../../Engine/Content/EditorMaterials/PhAT_UnselectedMaterial.uasset" 2852
"../../../Engine/Content/EditorMaterials/PhAT_NoCollisionMaterial.uasset" 2853
"C:/Project_T/Intermediate/ShaderAutogen/PCD3D_SM6/AutogenShaderHeaders.ush" 2854
"C:/Users/kbc12306133/AppData/Local/Temp/UnrealShaderWorkingDir/D2A301674B1CF691767AC496D69F440B/13/WorkerOutputOnly.out" 2855
"C:/Users/kbc12306133/AppData/Local/Temp/UnrealShaderWorkingDir/D2A301674B1CF691767AC496D69F440B/2/WorkerOutputOnly.out" 2856
"C:/Users/kbc12306133/AppData/Local/Temp/UnrealShaderWorkingDir/D2A301674B1CF691767AC496D69F440B/4/WorkerOutputOnly.out" 2857
"C:/Users/kbc12306133/AppData/Local/Temp/UnrealShaderWorkingDir/D2A301674B1CF691767AC496D69F440B/1/WorkerOutputOnly.out" 2858
"C:/Users/kbc12306133/AppData/Local/Temp/UnrealShaderWorkingDir/D2A301674B1CF691767AC496D69F440B/9/WorkerOutputOnly.out" 2859
"C:/Users/kbc12306133/AppData/Local/Temp/UnrealShaderWorkingDir/D2A301674B1CF691767AC496D69F440B/8/WorkerOutputOnly.out" 2860
"C:/Users/kbc12306133/AppData/Local/Temp/UnrealShaderWorkingDir/D2A301674B1CF691767AC496D69F440B/14/WorkerOutputOnly.out" 2861
"C:/Users/kbc12306133/AppData/Local/Temp/UnrealShaderWorkingDir/D2A301674B1CF691767AC496D69F440B/12/WorkerOutputOnly.out" 2862
"C:/Users/kbc12306133/AppData/Local/Temp/UnrealShaderWorkingDir/D2A301674B1CF691767AC496D69F440B/7/WorkerOutputOnly.out" 2863
"C:/Users/kbc12306133/AppData/Local/Temp/UnrealShaderWorkingDir/D2A301674B1CF691767AC496D69F440B/6/WorkerOutputOnly.out" 2864
"C:/Users/kbc12306133/AppData/Local/Temp/UnrealShaderWorkingDir/D2A301674B1CF691767AC496D69F440B/0/WorkerOutputOnly.out" 2865
"C:/Users/kbc12306133/AppData/Local/Temp/UnrealShaderWorkingDir/D2A301674B1CF691767AC496D69F440B/15/WorkerOutputOnly.out" 2866
"C:/Users/kbc12306133/AppData/Local/Temp/UnrealShaderWorkingDir/D2A301674B1CF691767AC496D69F440B/16/WorkerOutputOnly.out" 2867
"C:/Users/kbc12306133/AppData/Local/Temp/UnrealShaderWorkingDir/D2A301674B1CF691767AC496D69F440B/3/WorkerOutputOnly.out" 2868
"C:/Users/kbc12306133/AppData/Local/Temp/UnrealShaderWorkingDir/D2A301674B1CF691767AC496D69F440B/5/WorkerOutputOnly.out" 2869
"C:/Users/kbc12306133/AppData/Local/Temp/UnrealShaderWorkingDir/D2A301674B1CF691767AC496D69F440B/11/WorkerOutputOnly.out" 2870
"C:/Users/kbc12306133/AppData/Local/Temp/UnrealShaderWorkingDir/D2A301674B1CF691767AC496D69F440B/10/WorkerOutputOnly.out" 2871
"../../../Engine/Plugins/Interchange/Runtime/Content/Pipelines/DefaultSceneAssetsPipeline.uasset" 2872
"../../../Engine/Plugins/Interchange/Runtime/Content/Pipelines/DefaultSceneLevelPipeline.uasset" 2873
"../../../Engine/Plugins/Animation/ControlRig/Content/Controls/ControlRigGizmoMaterial.uasset" 2874
"../../../Engine/Plugins/Interchange/Runtime/Content/Pipelines/DefaultTexturePipeline.uasset" 2875
"../../../Engine/Plugins/Interchange/Runtime/Content/Pipelines/DefaultMaterialPipeline.uasset" 2876
"../../../Engine/Content/EngineSounds/Master.uasset" 2877
"C:/Project_T/Content/startActorComponent.uasset" 2878
"../../../Engine/Content/EngineDebugMaterials/DebugEditorMaterial.uasset" 2879
"../../../Engine/Content/EngineMaterials/DefaultBloomKernel.uasset" 2880
"../../../Engine/Content/EngineMaterials/STBlueNoise_vec2_128x128x64.uasset" 2881
"../../../Engine/Plugins/Interchange/Runtime/Content/Pipelines/DefaultAssetsPipeline.uasset" 2882
"../../../Engine/Content/EngineMaterials/STBlueNoise_scalar_128x128x64.uasset" 2883
"../../../Engine/Plugins/Interchange/Runtime/Content/Utilities/T_Bayer64_Grayscale_64px.uasset" 2884
"../../../Engine/Content/EditorResources/BSPVertex.uasset" 2885
"../../../Engine/Content/EngineResources/FilmGrains/Marcie_Grain_v3_128_M2_000.uasset" 2886
"../../../Engine/Plugins/Importers/USDImporter/Content/Materials/ChannelSelector.uasset" 2887
"../../../Engine/Plugins/Interchange/Runtime/Content/Utilities/New_LUT.uasset" 2888
"../../../Engine/Plugins/Interchange/Runtime/Content/Pipelines/DefaultGraphInspectorPipeline.uasset" 2889
"../../../Engine/Plugins/Interchange/Runtime/Content/Materials/UnlitMaterial.uasset" 2890
"../../../Engine/Plugins/Interchange/Runtime/Content/Materials/MapOrScalarFunction.uasset" 2891
"../../../Engine/Plugins/Interchange/Runtime/Content/Materials/MapOrLinearColorFunction.uasset" 2892
"../../../Engine/Plugins/Interchange/Runtime/Content/Materials/MapOrColorFunction.uasset" 2893
"../../../Engine/Plugins/Interchange/Runtime/Content/gltf/Textures/T_White_srgb.uasset" 2894
"../../../Engine/Plugins/Interchange/Runtime/Content/gltf/Textures/T_White_Linear.uasset" 2895
"C:/Users/kbc12306133/AppData/Local/UnrealEngine/Common/DerivedDataCache/Buckets/BulkDataList/1e/3b/cbe0895971ab1adfb15eaf26b82b2bf147a1.udd" 2896
"../../../Engine/Plugins/Interchange/Runtime/Content/gltf/Textures/T_Gray_Linear.uasset" 2897
"C:/Users/kbc12306133/AppData/Local/UnrealEngine/Common/DerivedDataCache/Buckets/BulkDataList/bd/2a/f6b2a4af12afc183fd5246e92bd160beb2b8.udd" 2898
"../../../Engine/Plugins/Interchange/Runtime/Content/gltf/Textures/T_Generic_N.uasset" 2899
"../../../Engine/Plugins/Interchange/Runtime/Content/gltf/Textures/T_Black_srgb.uasset" 2900
"../../../Engine/Plugins/Interchange/Runtime/Content/gltf/MaterialFunctions/MF_RotateV2.uasset" 2901
"C:/Users/kbc12306133/AppData/Local/UnrealEngine/Common/DerivedDataCache/Buckets/BulkDataList/0f/ef/317b6fd65b222b539f2fdb3808a4fed8b394.udd" 2902
"../../../Engine/Plugins/Interchange/Runtime/Content/gltf/MaterialFunctions/MF_IOR.uasset" 2903
"C:/Users/kbc12306133/AppData/Local/UnrealEngine/Common/DerivedDataCache/Buckets/BulkDataList/81/80/d3348e65ec372ef3d34f39f9d71a3794bfc0.udd" 2904
"../../../Engine/Plugins/Interchange/Runtime/Content/gltf/MaterialFunctions/MF_Fresnel_DS.uasset" 2905
"C:/Users/kbc12306133/AppData/Local/UnrealEngine/Common/DerivedDataCache/Buckets/LegacyTEXTURE/bc/2b/bc5181d7329fd4f3454db019334f1ee623aa.udd" 2906
"../../../Engine/Plugins/Interchange/Runtime/Content/Functions/MF_SchlickApprox.uasset" 2907
"../../../Engine/Plugins/Interchange/Runtime/Content/Functions/MF_OrenNayerView.uasset" 2908
"../../../Engine/Content/EngineMaterials/DefaultCalibrationGrayscale.uasset" 2909
"../../../Engine/Content/EngineMaterials/DefaultCalibrationColor.uasset" 2910
"../../../Engine/Content/MobileResources/HUD/VirtualJoystick_Background.uasset" 2911
"../../../Engine/Content/MobileResources/HUD/VirtualJoystick_Thumb.uasset" 2912
"../../../Engine/Content/EngineSounds/Submixes/MasterEQEffectPreset.uasset" 2913
"../../../Engine/Content/EngineSounds/Submixes/MasterReverbEffectPreset.uasset" 2914
"../../../Engine/Content/EditorBlueprintResources/StandardMacros.uasset" 2915
"C:/Project_T/Content/Actor/Item/E_ItemType.uasset" 2916
"C:/Project_T/Content/ThirdPerson/Blueprints/CS_SlimeExplosion.uasset" 2917
"C:/Project_T/Content/ThirdPerson/Input/Actions/IA_Jump.uasset" 2918
"C:/Project_T/Content/ThirdPerson/Input/Actions/IA_Look.uasset" 2919
"C:/Project_T/Content/ThirdPerson/Input/Actions/IA_Move.uasset" 2920
"../../../Engine/Content/EditorMaterials/PreviewShadowIndicator.uasset" 2921
"../../../Engine/Content/Maps/Entry_BuiltData.uasset" 2922
"../../../Engine/Content/Functions/Engine_MaterialFunctions02/Math/InverseTransformMatrix.uasset" 2923
"../../../Engine/Content/Functions/Engine_MaterialFunctions01/ImageAdjustment/sRGBToLinear.uasset" 2924
"../../../Engine/Plugins/Importers/USDImporter/Content/Textures/DefaultColorVT.uasset" 2925
"../../../Engine/Plugins/Importers/USDImporter/Content/Textures/DefaultLinearColorVT.uasset" 2926
"../../../Engine/Content/ArtTools/RenderToTexture/Textures/127grey.uasset" 2927
"../../../Engine/Content/EditorLandscapeResources/WhiteSquareTexture.uasset" 2928
"../../../Engine/Content/EngineMaterials/DefaultNormal.uasset" 2929
"../../../Engine/Content/EngineMaterials/FlatNormal.uasset" 2930
"../../../Engine/Content/Functions/Engine_MaterialFunctions02/Math/AddComponents.uasset" 2931
"../../../Engine/Content/Functions/Engine_MaterialFunctions02/Texturing/CustomRotator.uasset" 2932
"../../../Engine/Content/Functions/Engine_MaterialFunctions02/Texturing/ScreenAlignedPixelToPixelUVs.uasset" 2933
"../../../Engine/Content/Functions/Engine_MaterialFunctions01/Texturing/FlattenNormal.uasset" 2934
"../../../Engine/Content/Functions/Engine_MaterialFunctions01/Shading/FuzzyShading.uasset" 2935
"../../../Engine/Content/Functions/Engine_MaterialFunctions03/Math/RemapValueRange.uasset" 2936
"C:/Users/kbc12306133/AppData/Local/UnrealEngine/Common/DerivedDataCache/Buckets/BulkDataList/55/37/139665d7da5bc76057fee89bd9d07a453dd1.udd" 2937
"../../../Engine/Content/EngineSky/M_SimpleSkyDome.uasset" 2938
"C:/Project_T/Content/Map/BP_TitleGameMode.uasset" 2939
"C:/Project_T/Content/Material/M_Titlefont.uasset" 2940
"C:/Project_T/Content/Material/M_Titlefont_2.uasset" 2941
"C:/Project_T/Content/Material/M_Titlefont_3.uasset" 2942
"C:/Project_T/Content/Material/M_White.uasset" 2943
"C:/Users/kbc12306133/AppData/Local/UnrealEngine/Common/DerivedDataCache/Buckets/BulkDataList/f9/c3/f849d4bd6d8da6f3371ab5f4dd528c752594.udd" 2944
"C:/Users/kbc12306133/AppData/Local/UnrealEngine/Common/DerivedDataCache/Buckets/BulkDataList/56/ee/9a54e585f202873a5160d4ef3ee7a623eb0c.udd" 2945
"C:/Project_T/Content/sound/S_title.uasset" 2946
"C:/Project_T/Content/sound/SE_jouge.uasset" 2947
"C:/Users/kbc12306133/AppData/Local/UnrealEngine/Common/DerivedDataCache/Buckets/BulkDataList/62/f7/4a380a741cd513d73039e67ce247d02d1da1.udd" 2948
"C:/Project_T/Content/sound/SE_kettei.uasset" 2949
"C:/Project_T/Content/Characters/Mannequin_UE4/Meshes/SK_Mannequin_PhysicsAsset.uasset" 2950
"C:/Project_T/Content/Characters/Mannequin_UE4/Meshes/SK_Mannequin_Skeleton.uasset" 2951
"../../../Engine/Content/Functions/Engine_MaterialFunctions02/Utility/BlendAngleCorrectedNormals.uasset" 2952
"../../Plugins/Importers/USDImporter/Content/Textures/DefaultLinearColorVT.uasset" 2953
"C:/Project_T/Content/StarterContent/Textures/T_Brick_Clay_Beveled_N.uasset" 2954
"C:/Project_T/Content/StarterContent/Textures/T_Ceramic_Tile_M.uasset" 2955
"C:/Project_T/Content/StarterContent/Textures/T_Water_N.uasset" 2956
"C:/Project_T/Content/StarterContent/Textures/T_Wood_Pine_D.uasset" 2957
"../../../Engine/Plugins/FX/Niagara/Content/DefaultAssets/DefaultSpriteMaterial.uasset" 2958
"C:/Project_T/Content/ThirdPerson/slime/S_suraimu_Skeleton.uasset" 2959
"C:/Project_T/Content/ThirdPerson/Input/Actions/IA_UseItem.uasset" 2960
"C:/Project_T/Content/ThirdPerson/Blueprints/?????_001.uasset" 2961
"C:/Project_T/Content/ThirdPerson/slime/S_suraimu_PhysicsAsset.uasset" 2962
"C:/Project_T/Content/fonts/CherryBombOne-Regular.uasset" 2963
"C:/Users/kbc12306133/AppData/Local/UnrealEngine/Common/DerivedDataCache/Buckets/BulkDataList/a2/f7/6e0320da9bb8c3da9b41f97a63ee1ca87d58.udd" 2964
"C:/Project_T/Content/Material/M_Tileblue.uasset" 2965
"C:/Users/kbc12306133/AppData/Local/UnrealEngine/Common/DerivedDataCache/Buckets/BulkDataList/40/c8/6df178b2aa195cd7ed0ede8a1afcb5f68cc3.udd" 2966
"C:/Project_T/Content/Material/M_Tilegreen.uasset" 2967
"C:/Users/kbc12306133/AppData/Local/UnrealEngine/Common/DerivedDataCache/Buckets/BulkDataList/c5/09/447536575f43832b7c2dca13d19208104d5a.udd" 2968
"C:/Project_T/Content/Material/M_Tilered.uasset" 2969
"C:/Project_T/Content/Material/M_Tileyellow.uasset" 2970
"../../../Engine/Content/Functions/MaterialLayerFunctions/MatLayerBlend_Simple.uasset" 2971
"C:/Project_T/Content/Characters/Mannequin_UE4/Materials/Layers/ML_ShinyPlastic_Beige.uasset" 2972
"C:/Users/kbc12306133/AppData/Local/UnrealEngine/Common/DerivedDataCache/Buckets/BulkDataList/ea/31/297af4e0b8e04fd393ee8a1adb928eae2426.udd" 2973
"C:/Project_T/Content/Characters/Mannequin_UE4/Textures/T_UE4_Mannequin__normals.uasset" 2974
"C:/Users/kbc12306133/AppData/Local/UnrealEngine/Common/DerivedDataCache/Buckets/BulkDataList/c5/1c/dc2ede0fd0a84729d6eb2e7ad0d80bcaf6ee.udd" 2975
"C:/Project_T/Content/Characters/Mannequin_UE4/Textures/T_UE4_Mannequin_MAT_MASKA.uasset" 2976
"C:/Users/kbc12306133/AppData/Local/UnrealEngine/Common/DerivedDataCache/Buckets/BulkDataList/3b/f2/de273884f4a8c06924205c2d4cf3ca18ceb2.udd" 2977
"C:/Project_T/Content/Characters/Mannequin_UE4/Textures/T_UELogo_N_TGA.uasset" 2978
"C:/Users/kbc12306133/AppData/Local/UnrealEngine/Common/DerivedDataCache/Buckets/BulkDataList/7e/82/20e7e25dc370e7e96adfcd4686978dac2d37.udd" 2979
"C:/Project_T/Content/sound/SE_kyanseru.uasset" 2980
"C:/Project_T/Content/LP_sci_fi_island/Textures/T_LP_sci_fi_island_512.uasset" 2981
"../../../Engine/Content/EngineSky/T_Sky_Blue.uasset" 2982
"../../../Engine/Content/EngineSky/T_Sky_Clouds_M.uasset" 2983
"../../../Engine/Content/EngineSky/T_Sky_Stars.uasset" 2984
"C:/Project_T/Content/StarterContent/Materials/M_Basic_Wall.uasset" 2985
"C:/Project_T/Content/StarterContent/Textures/T_MacroVariation.uasset" 2986
"C:/Project_T/Content/StarterContent/Textures/T_Metal_Gold_D.uasset" 2987
"C:/Project_T/Content/StarterContent/Textures/T_Metal_Gold_N.uasset" 2988
"C:/Project_T/Content/StarterContent/Textures/T_Metal_Rust_D.uasset" 2989
"C:/Project_T/Content/StarterContent/Textures/T_Metal_Rust_N.uasset" 2990
"C:/Users/kbc12306133/AppData/Local/UnrealEngine/Common/DerivedDataCache/Buckets/LegacyAudio/bf/a9/94743386ca586e68790676238e5a7ecc9933.udd" 2991
"C:/Users/kbc12306133/AppData/Local/UnrealEngine/Common/DerivedDataCache/Buckets/LegacyAudio/30/d4/4adaf110928657b0f8c4034568f50e8e29f7.udd" 2992
"C:/Users/kbc12306133/AppData/Local/UnrealEngine/Common/DerivedDataCache/Buckets/LegacyAudio/51/a8/a131f1e1ea85d739f5ab90bf7b80cfcfc83b.udd" 2993
"C:/Project_T/Content/Characters/Mannequin_UE4/Textures/T_ML_Rubber_Blue_01_D.uasset" 2994
"C:/Users/kbc12306133/AppData/Local/UnrealEngine/Common/DerivedDataCache/Buckets/LegacySTREAMEDAUDIO/5d/57/f6273562704d48c0cc347db50a2c49bb9272.udd" 2995
"C:/Users/kbc12306133/AppData/Local/UnrealEngine/Common/DerivedDataCache/Content/66/09/58b53e0b7f28d8bbf8d4926acf77eba0bd3a.udd" 2996
"C:/Users/kbc12306133/AppData/Local/UnrealEngine/Common/DerivedDataCache/Buckets/LegacySTREAMEDAUDIO/32/29/ebbc5cdc900f7c37bd10ce55c100f64d41de.udd" 2997
"C:/Users/kbc12306133/AppData/Local/UnrealEngine/Common/DerivedDataCache/Buckets/LegacySTREAMEDAUDIO/f7/8f/aee2ef8a993424fc5b90abc0595f2e88de8f.udd" 2998
"C:/Users/kbc12306133/AppData/Local/UnrealEngine/Common/DerivedDataCache/Buckets/LegacySTREAMEDAUDIO/81/6c/7ce3e6cd1a980a9c4c295e6929d65ae396a0.udd" 2999
"C:/Users/kbc12306133/AppData/Local/UnrealEngine/Common/DerivedDataCache/Buckets/LegacySTREAMEDAUDIO/35/63/ee79838d71d056a43d79d440e10965f6362c.udd" 3000
"C:/Users/kbc12306133/AppData/Local/UnrealEngine/Common/DerivedDataCache/Buckets/LegacySTREAMEDAUDIO/8c/e2/0fefc2a672b2a4601462902613f21db4a2d5.udd" 3001
"C:/Users/kbc12306133/AppData/Local/UnrealEngine/Common/DerivedDataCache/Buckets/LegacySTREAMEDAUDIO/fa/7a/9327b2f1e82181bbcf769973cf675c309166.udd" 3002
"C:/Project_T/Content/Characters/Mannequin_UE4/Textures/T_ML_Rubber_Blue_01_N.uasset" 3003
"C:/Users/kbc12306133/AppData/Local/UnrealEngine/Common/DerivedDataCache/Buckets/LegacySTREAMEDAUDIO/11/c0/5c508fccfac1f0bbbe7e21ee4d6923e5d87f.udd" 3004
"C:/Users/kbc12306133/AppData/Local/UnrealEngine/Common/DerivedDataCache/Buckets/BulkDataList/6f/9f/5309df7b6146e082de0d005d32c96dd2e9cb.udd" 3005
"C:/Users/kbc12306133/AppData/Local/UnrealEngine/Common/DerivedDataCache/Buckets/LegacySTREAMEDAUDIO/e5/58/640ed78392610ba55f46a38bc2c4b198bf8e.udd" 3006
"C:/Users/kbc12306133/AppData/Local/UnrealEngine/Common/DerivedDataCache/Buckets/LegacySTREAMEDAUDIO/12/6f/6fee2e6fedcf7bee26a27dcda0578e36fb8d.udd" 3007
"C:/Users/kbc12306133/AppData/Local/UnrealEngine/Common/DerivedDataCache/Buckets/LegacySTREAMEDAUDIO/b1/c2/440ef3d4187bac7f17b31c2465225c492bc3.udd" 3008
"C:/Users/kbc12306133/AppData/Local/UnrealEngine/Common/DerivedDataCache/Buckets/LegacySTREAMEDAUDIO/1e/0e/28808f3484225ae891473ceed0d989e69212.udd" 3009
"C:/Users/kbc12306133/AppData/Local/UnrealEngine/Common/DerivedDataCache/Buckets/LegacySTREAMEDAUDIO/27/1f/73b4cb3d6ac725f3b7fedff724a413635852.udd" 3010
"C:/Users/kbc12306133/AppData/Local/UnrealEngine/Common/DerivedDataCache/Buckets/LegacySTREAMEDAUDIO/96/8a/94c98b578e11a30c185e50eae7bab36256a8.udd" 3011
"C:/Users/kbc12306133/AppData/Local/UnrealEngine/Common/DerivedDataCache/Buckets/LegacySTREAMEDAUDIO/c3/36/3a45c6a23ea08e830d71a18aae7f9295e0e4.udd" 3012
"C:/Users/kbc12306133/AppData/Local/UnrealEngine/Common/DerivedDataCache/Buckets/LegacySTREAMEDAUDIO/f3/f6/909161d33beaa3f47563d2f40533012be4d7.udd" 3013
"C:/Users/kbc12306133/AppData/Local/UnrealEngine/Common/DerivedDataCache/Buckets/LegacySTREAMEDAUDIO/47/45/1c96a045d08f8c7ec9c77f94ab27fa36e109.udd" 3014
"C:/Users/kbc12306133/AppData/Local/UnrealEngine/Common/DerivedDataCache/Buckets/LegacySTREAMEDAUDIO/92/2c/fb286e520b1cd3a510d2f46c0aed70d4f6a7.udd" 3015
"C:/Users/kbc12306133/AppData/Local/UnrealEngine/Common/DerivedDataCache/Buckets/LegacySTREAMEDAUDIO/cd/27/b07bb987ab8adaec5c147b5f36a3ad2867c3.udd" 3016
"C:/Users/kbc12306133/AppData/Local/UnrealEngine/Common/DerivedDataCache/Buckets/LegacySTREAMEDAUDIO/5b/40/3f1fb42711858bb37b1d78f925b929d21863.udd" 3017
"C:/Users/kbc12306133/AppData/Local/UnrealEngine/Common/DerivedDataCache/Buckets/LegacySTREAMEDAUDIO/de/81/1c02faf16b66343d5411b91493066e4f0ee1.udd" 3018
"C:/Users/kbc12306133/AppData/Local/UnrealEngine/Common/DerivedDataCache/Buckets/LegacySTREAMEDAUDIO/16/f9/e237f185765e241e3efc9a3b4bbc86382b33.udd" 3019
"C:/Users/kbc12306133/AppData/Local/UnrealEngine/Common/DerivedDataCache/Buckets/LegacySTREAMEDAUDIO/b6/92/18b9aca167091c291f3a37bedbf1076695b8.udd" 3020
"C:/Users/kbc12306133/AppData/Local/UnrealEngine/Common/DerivedDataCache/Buckets/LegacySTREAMEDAUDIO/ac/c2/51ac1afdc2d920a6e543fa7a8f541b4a7e55.udd" 3021
"C:/Users/kbc12306133/AppData/Local/UnrealEngine/Common/DerivedDataCache/Buckets/LegacySTREAMEDAUDIO/c8/22/aca0fa7b3d3c786aea4eec7909ce5e2ae38a.udd" 3022
"C:/Users/kbc12306133/AppData/Local/UnrealEngine/Common/DerivedDataCache/Buckets/LegacySTREAMEDAUDIO/5b/aa/3f297d1880f85d3726721e1dde01db171f44.udd" 3023
"C:/Users/kbc12306133/AppData/Local/UnrealEngine/Common/DerivedDataCache/Buckets/LegacySTREAMEDAUDIO/48/65/f9dc39e879c4e4bdb966fc7fb0422ea20c33.udd" 3024
"C:/Users/kbc12306133/AppData/Local/UnrealEngine/Common/DerivedDataCache/Buckets/LegacySTREAMEDAUDIO/6d/de/533beb9610ad9fda4a902648c398f5ed8f00.udd" 3025
"C:/Users/kbc12306133/AppData/Local/UnrealEngine/Common/DerivedDataCache/Buckets/LegacySTREAMEDAUDIO/67/95/8a6ea508bb9a5793edb952a6007af396c4ac.udd" 3026
"C:/Users/kbc12306133/AppData/Local/UnrealEngine/Common/DerivedDataCache/Buckets/LegacySTREAMEDAUDIO/dc/37/2502b0c6ff56e129cb0e79d85e776cbd1e24.udd" 3027
"C:/Users/kbc12306133/AppData/Local/UnrealEngine/Common/DerivedDataCache/Buckets/LegacySTREAMEDAUDIO/7d/78/04d5fd2ae92b9f8750f96104711a7bac9887.udd" 3028
"C:/Users/kbc12306133/AppData/Local/UnrealEngine/Common/DerivedDataCache/Buckets/LegacySTREAMEDAUDIO/88/20/4ba3543e3347bf295c4f625383d33ab9e720.udd" 3029
"C:/Users/kbc12306133/AppData/Local/UnrealEngine/Common/DerivedDataCache/Buckets/LegacySTREAMEDAUDIO/ee/da/9809f8835cb45e3241d704db8008d2f7af92.udd" 3030
"C:/Users/kbc12306133/AppData/Local/UnrealEngine/Common/DerivedDataCache/Buckets/LegacyTEXTURE/32/54/06ba0270fe1a496f274e8bc61a50e1626f91.udd" 3031
"C:/Users/kbc12306133/AppData/Local/UnrealEngine/Common/DerivedDataCache/Content/40/4e/d6c1a360331d34ef5f72bd5aa6376fb8e5ec.udd" 3032
"C:/Users/kbc12306133/AppData/Local/UnrealEngine/Common/DerivedDataCache/Buckets/LegacyTEXTURE/df/1d/1015e5cb99c86104d03d2e3d683376b8d9f4.udd" 3033
"C:/Users/kbc12306133/AppData/Local/UnrealEngine/Common/DerivedDataCache/Buckets/LegacyTEXTURE/18/7b/44b0a26b509eaf36059d50025ad0b2d5aa66.udd" 3034
"C:/Users/kbc12306133/AppData/Local/UnrealEngine/Common/DerivedDataCache/Content/ca/f4/18a3f0ab20ed72ffc54703531187ab380c69.udd" 3035
"C:/Project_T/Content/Characters/Mannequin_UE4/Textures/T_UELogo_Mask.uasset" 3036
"C:/Users/kbc12306133/AppData/Local/UnrealEngine/Common/DerivedDataCache/Buckets/BulkDataList/2c/4c/84147890b3d89c83b48f09f029c9b544c3ab.udd" 3037
"C:/Project_T/Content/Characters/Mannequin_UE4/Textures/T_ML_Aluminum01.uasset" 3038
"C:/Users/kbc12306133/AppData/Local/UnrealEngine/Common/DerivedDataCache/Buckets/BulkDataList/5d/b1/d5b3c9fb88105c5f0f03a61bda8c8fa96adf.udd" 3039
"C:/Project_T/Content/Characters/Mannequin_UE4/Textures/T_ML_Aluminum01_N.uasset" 3040
"C:/Users/kbc12306133/AppData/Local/UnrealEngine/Common/DerivedDataCache/Buckets/BulkDataList/7a/d5/ff3100447d1683dd45cd2fb16ca8454b4db2.udd" 3041
"../../../Engine/Content/EngineMaterials/BlendFunc_DefBase.uasset" 3042
"C:/Users/kbc12306133/AppData/Local/UnrealEngine/Common/DerivedDataCache/Buckets/BulkDataList/68/73/c6a2630c9d44ea77971b727dd52a987b1198.udd" 3043
"../../../Engine/Content/EngineMaterials/BlendFunc_DefBlend.uasset" 3044
"C:/Users/kbc12306133/AppData/Local/UnrealEngine/Common/DerivedDataCache/Buckets/BulkDataList/35/a1/5108d4e98c4970c51911e911083669d49608.udd" 3045
"../../../Engine/Content/OpenWorldTemplate/LandscapeMaterial/T_GridChecker_A.uasset" 3046
"C:/Users/kbc12306133/AppData/Local/UnrealEngine/Common/DerivedDataCache/Buckets/BulkDataList/da/c6/0f221d94f71955c46f0588251b0001a4b65a.udd" 3047
"../../../Engine/Content/Functions/Engine_MaterialFunctions01/Gradient/LinearGradient.uasset" 3048
"C:/Users/kbc12306133/AppData/Local/UnrealEngine/Common/DerivedDataCache/Buckets/BulkDataList/44/3b/82f49420656022d916313f6615382d180bd4.udd" 3049
"../../../Engine/Content/Functions/Engine_MaterialFunctions02/WorldPositionOffset/V2/ObjectScale.uasset" 3050
"../../../Engine/Content/Functions/Engine_MaterialFunctions02/Math/Transform3x3Matrix.uasset" 3051
"C:/Users/kbc12306133/AppData/Local/UnrealEngine/Common/DerivedDataCache/Buckets/BulkDataList/db/39/155df53d3bd2d33b4d120f2ed962bc409bef.udd" 3052
"../../../Engine/Plugins/Interchange/Runtime/Content/gltf/MaterialFunctions/MF_TransformUVs.uasset" 3053
"C:/Users/kbc12306133/AppData/Local/UnrealEngine/Common/DerivedDataCache/Buckets/LegacyTEXTURE/9d/e8/9b3fde3abcbc321a20e57e3b71322e4e2c38.udd" 3054
"C:/Users/kbc12306133/AppData/Local/UnrealEngine/Common/DerivedDataCache/Buckets/BulkDataList/b0/6b/9eeda4827b42db89bc0ddd830fa70f99d673.udd" 3055
"../../../Engine/Content/EngineMaterials/PPM_DefaultCalibrationGrayscale.uasset" 3056
"C:/Users/kbc12306133/AppData/Local/UnrealEngine/Common/DerivedDataCache/Buckets/BulkDataList/a0/f1/0d3ea7a5f8c15abc843236a4ba7bfc611af8.udd" 3057
"C:/Users/kbc12306133/AppData/Local/UnrealEngine/Common/DerivedDataCache/Buckets/LegacyTEXTURE/ca/68/9a1d8be8446cc4cbd2a3aac81508ffb6eb3c.udd" 3058
"../../../Engine/Content/EngineMaterials/PPM_DefaultCalibrationColor.uasset" 3059
"C:/Users/kbc12306133/AppData/Local/UnrealEngine/Common/DerivedDataCache/Buckets/LegacyTEXTURE/7c/52/f34c2466bf67ad1a33ea4b623e503d9dc7aa.udd" 3060
"C:/Users/kbc12306133/AppData/Local/UnrealEngine/Common/DerivedDataCache/Buckets/BulkDataList/d1/e8/8ace8cada9cc91a82a4d146f1c7e3dcf121e.udd" 3061
"C:/Users/kbc12306133/AppData/Local/UnrealEngine/Common/DerivedDataCache/Buckets/LegacyTEXTURE/24/dc/c3eea1e686a536d0934de9f9854a9a0402e7.udd" 3062
"../../../Engine/Content/MobileResources/HUD/DefaultVirtualJoysticks.uasset" 3063
"C:/Users/kbc12306133/AppData/Local/UnrealEngine/Common/DerivedDataCache/Buckets/BulkDataList/9c/9f/ce7470560839b159544a8b479bc15c98ff5c.udd" 3064
"../../../Engine/Content/EditorBlueprintResources/ActorMacros.uasset" 3065
"C:/Users/kbc12306133/AppData/Local/UnrealEngine/Common/DerivedDataCache/Buckets/BulkDataList/10/73/7a076f8f567bf4ce67fd783c52845ce52531.udd" 3066
"../../../Engine/Content/EditorMaterials/PreviewShadowIndicatorMaterial.uasset" 3067
"C:/Users/kbc12306133/AppData/Local/UnrealEngine/Common/DerivedDataCache/Buckets/BulkDataList/1a/45/6150e3ca38597eedd382910008b397ae4b24.udd" 3068
"../../../Engine/Plugins/Importers/USDImporter/Content/Materials/WorldSpaceNormalsToTangentSpace.uasset" 3069
"C:/Users/kbc12306133/AppData/Local/UnrealEngine/Common/DerivedDataCache/Buckets/BulkDataList/c7/0c/5ff2953b174d5f9dac54f3d09fb158740373.udd" 3070
"C:/Users/kbc12306133/AppData/Local/UnrealEngine/Common/DerivedDataCache/Buckets/LegacyTEXTURE/39/80/e81eb6f00a5f89c25f20513658c6b28fd19b.udd" 3071
"C:/Users/kbc12306133/AppData/Local/UnrealEngine/Common/DerivedDataCache/Buckets/LegacySTREAMEDAUDIO/05/57/78f49b62a28aa648dc967c9d981fcce5bef4.udd" 3072
"C:/Users/kbc12306133/AppData/Local/UnrealEngine/Common/DerivedDataCache/Buckets/LegacyTEXTURE/5f/13/f4e88b404cd378cf8595425966549a5258a8.udd" 3073
"C:/Users/kbc12306133/AppData/Local/UnrealEngine/Common/DerivedDataCache/Buckets/LegacyAudio/d0/e4/fc8a289de9eff515dda66b3333d7a47591d6.udd" 3074
"C:/Users/kbc12306133/AppData/Local/UnrealEngine/Common/DerivedDataCache/Buckets/LegacyTEXTURE/b5/b3/4f97d7c7cac7d4ce5348837c1ac9e7847314.udd" 3075
"C:/Users/kbc12306133/AppData/Local/UnrealEngine/Common/DerivedDataCache/Buckets/LegacyTEXTURE/01/0c/e911d5149d5b6d4317b115a20cf4b569fbf3.udd" 3076
"C:/Users/kbc12306133/AppData/Local/UnrealEngine/Common/DerivedDataCache/Buckets/LegacySTREAMEDAUDIO/2d/e1/d77ccd2baa72393fe6cebb6fe0fb4ad7ef38.udd" 3077
"C:/Users/kbc12306133/AppData/Local/UnrealEngine/Common/DerivedDataCache/Buckets/LegacySTREAMEDAUDIO/f2/13/4159f156d4df1addc86f4edf315a60c9dd41.udd" 3078
"C:/Users/kbc12306133/AppData/Local/UnrealEngine/Common/DerivedDataCache/Buckets/LegacyTEXTURE/b0/de/118b77b2de0c863d1c379adaf5bd915f67e7.udd" 3079
"C:/Users/kbc12306133/AppData/Local/UnrealEngine/Common/DerivedDataCache/Buckets/LegacyTEXTURE/7f/45/31483866d931d1e91981295c10d2a75d7f52.udd" 3080
"C:/Users/kbc12306133/AppData/Local/UnrealEngine/Common/DerivedDataCache/Buckets/LegacyTEXTURE/f8/ee/646a025cc2134e68e6a437e69dac23c664b1.udd" 3081
"C:/Users/kbc12306133/AppData/Local/UnrealEngine/Common/DerivedDataCache/Buckets/LegacyTEXTURE/85/6b/1fee6d60b8c93cee1b4d318cb7e454d7f1c5.udd" 3082
"C:/Users/kbc12306133/AppData/Local/UnrealEngine/Common/DerivedDataCache/Buckets/LegacyTEXTURE/fc/1e/607f184bc716f0af9c133f016ed87fd0f6bd.udd" 3083
"C:/Users/kbc12306133/AppData/Local/UnrealEngine/Common/DerivedDataCache/Buckets/LegacyTEXTURE/ba/05/7fd246e9f889fc84520f43e754525ab751b1.udd" 3084
"C:/Users/kbc12306133/AppData/Local/UnrealEngine/Common/DerivedDataCache/Buckets/LegacyTEXTURE/11/4b/39e3715323b77bf70e636758e3618b3b83dd.udd" 3085
"C:/Users/kbc12306133/AppData/Local/UnrealEngine/Common/DerivedDataCache/Buckets/LegacyTEXTURE/44/26/090e1738933215342ed5769b97d6fc593ccb.udd" 3086
"C:/Users/kbc12306133/AppData/Local/UnrealEngine/Common/DerivedDataCache/Buckets/LegacyTEXTURE/1e/89/455bccaa6862bb24932ad0064f30a289c6aa.udd" 3087
"../../../Engine/Plugins/Importers/USDImporter/Content/Materials/DisplayColorAndOpacity.uasset" 3088
"../../../Engine/Plugins/Importers/USDImporter/Content/Materials/DisplayColor.uasset" 3089
"../../../Engine/Plugins/Interchange/Runtime/Content/Materials/PhongSurfaceMaterial.uasset" 3090
"../../../Engine/Plugins/Interchange/Runtime/Content/Materials/CommonMaterial.uasset" 3091
"../../../Engine/Plugins/Interchange/Runtime/Content/gltf/MaterialFunctions/MF_PerceivedBrightness.uasset" 3092
"../../../Engine/Plugins/Interchange/Runtime/Content/gltf/MaterialFunctions/MF_Temporal_Blur.uasset" 3093
"C:/Users/kbc12306133/AppData/Local/UnrealEngine/Common/DerivedDataCache/Buckets/BulkDataList/94/ec/aead90d7e66574a53a723c2f91cd858f4e1e.udd" 3094
"C:/Users/kbc12306133/AppData/Local/UnrealEngine/Common/DerivedDataCache/Buckets/BulkDataList/e5/03/ec7d2907d7d94125ae219d29b166bd25ebb6.udd" 3095
"C:/Users/kbc12306133/AppData/Local/UnrealEngine/Common/DerivedDataCache/Buckets/BulkDataList/1c/05/0812626d84581bf91008d63304e290f6eae7.udd" 3096
"C:/Users/kbc12306133/AppData/Local/UnrealEngine/Common/DerivedDataCache/Buckets/BulkDataList/65/44/863eceb35423bb5b7524fd874129b27cf907.udd" 3097
"C:/Users/kbc12306133/AppData/Local/UnrealEngine/Common/DerivedDataCache/Buckets/LegacyTEXTURE/06/1c/295613db442e5d1a810e6f2844f9a8c742dd.udd" 3098
"C:/Users/kbc12306133/AppData/Local/UnrealEngine/Common/DerivedDataCache/Buckets/LegacyTEXTURE/8e/4b/3bd9b2d077d2c731cdbb791bbbe145dfe8e3.udd" 3099
"C:/Users/kbc12306133/AppData/Local/UnrealEngine/Common/DerivedDataCache/Buckets/LegacyTEXTURE/6c/77/dcee68536e1aaf886d866139132da651d738.udd" 3100
"../../../Engine/Plugins/Interchange/Runtime/Content/Functions/MF_Iridescence.uasset" 3101
"../../../Engine/Content/Functions/MaterialLayerFunctions/MatLayerBlend_NormalBlend.uasset" 3102
"C:/Users/kbc12306133/AppData/Local/UnrealEngine/Common/DerivedDataCache/Buckets/BulkDataList/6b/c0/1b8f6b7734b9c4c22fecf8486fa784ceedb7.udd" 3103
"C:/Users/kbc12306133/AppData/Local/UnrealEngine/Common/DerivedDataCache/Buckets/LegacyTEXTURE/52/10/85f8ec8b1fdaa3f2532f7413bfd6a5f3d29b.udd" 3104
"C:/Users/kbc12306133/AppData/Local/UnrealEngine/Common/DerivedDataCache/Buckets/LegacyTEXTURE/ef/75/ebd65b272bdec69b27a13f59f88905520746.udd" 3105
"C:/Users/kbc12306133/AppData/Local/UnrealEngine/Common/DerivedDataCache/Buckets/LegacyTEXTURE/91/2f/fb82b1935e74a8254e78eedebf449264479a.udd" 3106
"C:/Users/kbc12306133/AppData/Local/UnrealEngine/Common/DerivedDataCache/Buckets/LegacyTEXTURE/c6/8b/d065e937a472dd44ded34de095fdee3a6082.udd" 3107
"C:/Users/kbc12306133/AppData/Local/UnrealEngine/Common/DerivedDataCache/Buckets/LegacyTEXTURE/4e/bd/95311f36297de6ecba7c04f95beaa2be7434.udd" 3108
"C:/Users/kbc12306133/AppData/Local/UnrealEngine/Common/DerivedDataCache/Buckets/LegacyTEXTURE/9c/df/4f8c78266be2fa28d71cfd131583f466f012.udd" 3109
"C:/Users/kbc12306133/AppData/Local/UnrealEngine/Common/DerivedDataCache/Buckets/LegacyTEXTURE/52/78/694cccc7c25824c749745228b90cf0261f75.udd" 3110
"C:/Users/kbc12306133/AppData/Local/UnrealEngine/Common/DerivedDataCache/Buckets/LegacyTEXTURE/78/3e/0f0284829aa36f588c53ae01e43269e84fcd.udd" 3111
"C:/Users/kbc12306133/AppData/Local/UnrealEngine/Common/DerivedDataCache/Buckets/LegacyTEXTURE/89/f9/afcd2f4510810df60696e60ca409259dde83.udd" 3112
"C:/Users/kbc12306133/AppData/Local/UnrealEngine/Common/DerivedDataCache/Buckets/LegacyTEXTURE/dd/cf/cdb0d456172033aaae748c476f5d78871a98.udd" 3113
"C:/Users/kbc12306133/AppData/Local/UnrealEngine/Common/DerivedDataCache/Buckets/LegacyTEXTURE/6b/dc/17e1f2c5ddb0ea3c9394414ea3084a47c506.udd" 3114
"C:/Users/kbc12306133/AppData/Local/UnrealEngine/Common/DerivedDataCache/Buckets/LegacyTEXTURE/b7/ae/98848089c0146eea25a5e5295df2356b455f.udd" 3115
"C:/Users/kbc12306133/AppData/Local/UnrealEngine/Common/DerivedDataCache/Buckets/LegacyTEXTURE/06/e7/97df23854d647195ff6dd0634e30f5687fd7.udd" 3116
"C:/Users/kbc12306133/AppData/Local/UnrealEngine/Common/DerivedDataCache/Buckets/LegacyTEXTURE/08/8b/eb8097d2d1a7c6a54fe410a3dcb3fbac89be.udd" 3117
"C:/Users/kbc12306133/AppData/Local/UnrealEngine/Common/DerivedDataCache/Buckets/LegacyTEXTURE/c6/fb/20679a5d48259c82439fc6f8b8e5c6c3c014.udd" 3118
"C:/Users/kbc12306133/AppData/Local/UnrealEngine/Common/DerivedDataCache/Buckets/LegacyTEXTURE/7b/d7/09d20071812c80098430169fecbe7989b0b2.udd" 3119
"C:/Users/kbc12306133/AppData/Local/UnrealEngine/Common/DerivedDataCache/Buckets/LegacyTEXTURE/49/ee/fbc26732862006640b9e568360111e5ef51f.udd" 3120
"C:/Project_T/Content/Material/M_blue.uasset" 3121
"C:/Project_T/Content/Material/M_green.uasset" 3122
"C:/Project_T/Content/Material/M_slime.uasset" 3123
"C:/Project_T/Content/Material/M_yellow.uasset" 3124
"C:/Project_T/Content/Material/M_red.uasset" 3125
"C:/Project_T/Content/Niagara/NS_SlimeBurst.uasset" 3126
"C:/Project_T/Content/SlimeAnimation/Anim_Attack2.uasset" 3127
"C:/Project_T/Content/SlimeAnimation/Anim_SlimeJump_down.uasset" 3128
"C:/Project_T/Content/SlimeAnimation/Anim_SlimeJump_up.uasset" 3129
"C:/Project_T/Content/SlimeAnimation/Anim_Idle.uasset" 3130
"C:/Project_T/Content/SlimeAnimation/Anim_Move3.uasset" 3131
"C:/Project_T/Content/ThirdPerson/Input/IMC_Default.uasset" 3132
"C:/Project_T/Content/ThirdPerson/slime/S_suraimu.uasset" 3133
"C:/Project_T/Content/fonts/CherryBombOne-Regular_Font.uasset" 3134
"C:/Project_T/Content/LP_sci_fi_island/Materials/M_LP_sci_fi_island.uasset" 3135
"../../../Engine/Content/EngineSky/M_Sky_Panning_Clouds2.uasset" 3136
"C:/Project_T/Content/StarterContent/Shapes/Shape_Cube.uasset" 3137
"C:/Project_T/Content/StarterContent/Materials/M_Metal_Gold.uasset" 3138
"C:/Project_T/Content/StarterContent/Materials/M_Metal_Rust.uasset" 3139
"C:/Project_T/Content/Characters/Mannequin_UE4/Materials/Layers/ML_Latex_Black.uasset" 3140
"C:/Project_T/Content/Characters/Mannequin_UE4/Materials/Layers/ML_ShinyPlastic_Beige_Logo.uasset" 3141
"../../Plugins/FX/Niagara/Content/DynamicInputs/UniformRange/V2/RandomRangeFloat.uasset" 3142
"../../Plugins/FX/Niagara/Content/Functions/V2/CalculateRandomRangeFloat.uasset" 3143
"../../Plugins/FX/Niagara/Content/Enums/ENiagaraRandomnessEvaluation.uasset" 3144
"../../Plugins/FX/Niagara/Content/Enums/ENiagaraRandomnessMode.uasset" 3145
"../../Plugins/FX/Niagara/Content/DynamicInputs/UniformRange/V2/RandomRangeVector.uasset" 3146
"../../Plugins/FX/Niagara/Content/Functions/V2/CalculateRandomRange.uasset" 3147
"../../Plugins/FX/Niagara/Content/DynamicInputs/ValueFromCurve/FloatFromCurve.uasset" 3148
"../../Plugins/FX/Niagara/Content/Modules/Collision/Collision.uasset" 3149
"../../Plugins/FX/Niagara/Content/Functions/CalculateMeshRadius.uasset" 3150
"../../Plugins/FX/Niagara/Content/Enums/ENiagaraCalculateRadiusOptions.uasset" 3151
"../../Plugins/FX/Niagara/Content/Functions/CalculateRadiusFromSpriteSize.uasset" 3152
"../../Plugins/FX/Niagara/Content/Functions/DirectionAndLengthSafe.uasset" 3153
"../../Plugins/FX/Niagara/Content/Functions/Helpers/DoOnce_fn.uasset" 3154
"../../Plugins/FX/Niagara/Content/Functions/Localspace/TransformPosition.uasset" 3155
"../../Plugins/FX/Niagara/Content/Functions/Localspace/TransformBase.uasset" 3156
"../../Plugins/FX/Niagara/Content/Functions/Localspace/TransformVector.uasset" 3157
"../../Plugins/FX/Niagara/Content/Functions/ProjectVectorOnPlane.uasset" 3158
"../../Plugins/FX/Niagara/Content/Functions/Rotation/AxisAngleToQuaternion.uasset" 3159
"../../Plugins/FX/Niagara/Content/Functions/Rotation/MultiplyQuaternion.uasset" 3160
"../../Plugins/FX/Niagara/Content/Modules/Collision/CollisionQueryAndResponse.uasset" 3161
"../../Plugins/FX/Niagara/Content/Functions/Collision/PlaneSphereCollisionDetection.uasset" 3162
"../../Plugins/FX/Niagara/Content/Functions/Collision/RandomizeCollisionNormals.uasset" 3163
"../../Plugins/FX/Niagara/Content/Functions/RandomRangeFloat.uasset" 3164
"../../Plugins/FX/Niagara/Content/Functions/GetRandomInfo.uasset" 3165
"../../Plugins/FX/Niagara/Content/Functions/Rotation/FindQuatBetween.uasset" 3166
"../../Plugins/FX/Niagara/Content/Functions/Rotation/MultiplyVectorWithQuaternion.uasset" 3167
"../../Plugins/FX/Niagara/Content/Functions/Drag/DragVelocity.uasset" 3168
"../../Plugins/FX/Niagara/Content/Functions/Math/CentimeterMeterConversion.uasset" 3169
"../../Plugins/FX/Niagara/Content/Functions/ReflectVector.uasset" 3170
"../../Plugins/FX/Niagara/Content/Functions/Textures/CalculateA_VolumeTexturesDistanceFieldGradient.uasset" 3171
"../../Plugins/FX/Niagara/Content/Enums/ENiagara_Float4Channel.uasset" 3172
"../../Plugins/FX/Niagara/Content/Modules/Collision/NiagaraDistanceFieldCollisions.uasset" 3173
"../../Plugins/FX/Niagara/Content/Modules/Collision/SceneDepthTest.uasset" 3174
"../../Plugins/FX/Niagara/Content/Enums/ENiagara_CPUCollisionType.uasset" 3175
"../../Plugins/FX/Niagara/Content/Enums/ENiagara_GPUCollisionType.uasset" 3176
"../../Plugins/FX/Niagara/Content/Enums/ENiagaraFrictionMergeType.uasset" 3177
"../../Plugins/FX/Niagara/Content/Enums/ENiagaraRestitutionMergeType.uasset" 3178
"../../Plugins/FX/Niagara/Content/Enums/ENiagaraCollisionRadiusOptions.uasset" 3179
"../../Plugins/FX/Niagara/Content/Modules/Emitter/EmitterState.uasset" 3180
"../../Plugins/FX/Niagara/Content/Functions/Emitter/EmitterChangeState.uasset" 3181
"../../Plugins/FX/Niagara/Content/Enums/ENiagara_EmitterStateOptions.uasset" 3182
"../../Plugins/FX/Niagara/Content/Enums/ENiagara_InfiniteLoopDuration.uasset" 3183
"../../Plugins/FX/Niagara/Content/Enums/ENiagaraEmitterLifeCycleMode.uasset" 3184
"../../Plugins/FX/Niagara/Content/Enums/ENiagaraEmitterScalabilityMode_Limited.uasset" 3185
"../../Plugins/FX/Niagara/Content/Enums/ENiagaraExecutionStateManagement.uasset" 3186
"../../Plugins/FX/Niagara/Content/Enums/ENiagaraInactiveMode.uasset" 3187
"../../Plugins/FX/Niagara/Content/Modules/Emitter/SpawnBurst_Instantaneous.uasset" 3188
"../../Plugins/FX/Niagara/Content/Modules/Emitter/SpawnRate.uasset" 3189
"../../Plugins/FX/Niagara/Content/Modules/Solvers/SolveForcesAndVelocity.uasset" 3190
"../../Plugins/FX/Niagara/Content/Modules/Solvers/ApplyRotationVector.uasset" 3191
"../../Plugins/FX/Niagara/Content/Icons/Modules/T_Icon_Solver_LimitAccel.uasset" 3192
"../../Plugins/FX/Niagara/Content/Icons/Modules/T_Icon_Solver_LimitSpeed.uasset" 3193
"../../Plugins/FX/Niagara/Content/Icons/Modules/T_Icon_Solver_RotationalSolve.uasset" 3194
"../../Plugins/FX/Niagara/Content/Modules/Spawn/Initialization/V2/InitializeParticle.uasset" 3195
"../../Plugins/FX/Niagara/Content/Functions/LinearColor/HueShiftLinearColor.uasset" 3196
"../../Plugins/FX/Niagara/Content/Functions/Localspace/SimulationPosition.uasset" 3197
"../../Plugins/FX/Niagara/Content/Functions/V2/CalculateRandomBool.uasset" 3198
"../../Plugins/FX/Niagara/Content/Functions/V2/CalculateRandomRangeInteger.uasset" 3199
"../../Plugins/FX/Niagara/Content/Enums/ENiagara_ColorInitializationMode.uasset" 3200
"../../Plugins/FX/Niagara/Content/Enums/ENiagara_LifetimeMode.uasset" 3201
"../../Plugins/FX/Niagara/Content/Enums/ENiagara_MassInitializationMode.uasset" 3202
"../../Plugins/FX/Niagara/Content/Enums/ENiagara_PositionInitializationMode.uasset" 3203
"../../Plugins/FX/Niagara/Content/Enums/ENiagara_SizeScaleMode.uasset" 3204
"../../Plugins/FX/Niagara/Content/Enums/ENiagara_SpriteRotationMode.uasset" 3205
"../../Plugins/FX/Niagara/Content/Enums/ENiagara_UVFlippingMode.uasset" 3206
"../../Plugins/FX/Niagara/Content/Enums/ENiagaraChannelCorrelation.uasset" 3207
"../../Plugins/FX/Niagara/Content/Enums/Ribbons/ENiagara_UnsetDirectSet.uasset" 3208
"../../Plugins/FX/Niagara/Content/Enums/Ribbons/ENiagara_UnsetDirectSetRandom.uasset" 3209
"../../Plugins/FX/Niagara/Content/Modules/Spawn/Location/V2/ShapeLocation.uasset" 3210
"../../Plugins/FX/Niagara/Content/Functions/Math/CalculateRandomPointInConeSphereIntersection.uasset" 3211
"../../Plugins/FX/Niagara/Content/Functions/Rotation/AngleUnitConverter.uasset" 3212
"../../Plugins/FX/Niagara/Content/Enums/Angles/ENiagara_AngleInput.uasset" 3213
"../../Plugins/FX/Niagara/Content/Functions/Math/SaturateFloat.uasset" 3214
"../../Plugins/FX/Niagara/Content/Functions/NormalizedExecutionIndex.uasset" 3215
"../../Plugins/FX/Niagara/Content/Functions/ParametricTorus.uasset" 3216
"../../Plugins/FX/Niagara/Content/Functions/ParametricTorusKnot.uasset" 3217
"../../Plugins/FX/Niagara/Content/Functions/PolarToCartesianCoordinates.uasset" 3218
"../../Plugins/FX/Niagara/Content/Functions/RandomPointInBox.uasset" 3219
"../../Plugins/FX/Niagara/Content/Functions/IsolateLongestVectorComponent.uasset" 3220
"../../Plugins/FX/Niagara/Content/Functions/Rotation/RotateVector2D.uasset" 3221
"../../Plugins/FX/Niagara/Content/Functions/Rotation/TransformStack/TransformStack_Rotation.uasset" 3222
"../../Plugins/FX/Niagara/Content/Functions/Rotation/InvertQuaternion.uasset" 3223
"../../Plugins/FX/Niagara/Content/Functions/Rotation/MakeQuaternionFrom3BasisVectors.uasset" 3224
"../../Plugins/FX/Niagara/Content/Functions/Rotation/MatrixToQuaternion.uasset" 3225
"../../Plugins/FX/Niagara/Content/Functions/Rotation/XYZRotationToQuaternion.uasset" 3226
"../../Plugins/FX/Niagara/Content/Enums/Transforms/ENiagara_RotationMode.uasset" 3227
"../../Plugins/FX/Niagara/Content/Functions/SphericalToCartesianCoordinates.uasset" 3228
"../../Plugins/FX/Niagara/Content/Functions/V2/RemapRange.uasset" 3229
"../../Plugins/FX/Niagara/Content/Enums/ENiagara_AttributeSamplingApplyOutput.uasset" 3230
"../../Plugins/FX/Niagara/Content/Enums/ENiagaraExpansionMode.uasset" 3231
"../../Plugins/FX/Niagara/Content/Enums/ENiagaraShapeTorusMode.uasset" 3232
"../../Plugins/FX/Niagara/Content/Enums/ENiagaraSphereDistributionMode.uasset" 3233
"../../Plugins/FX/Niagara/Content/Enums/ENiagaraTorusDistributionMode.uasset" 3234
"../../Plugins/FX/Niagara/Content/Enums/Location/ENiagara_BoxPlaneMode.uasset" 3235
"../../Plugins/FX/Niagara/Content/Enums/Location/ENiagara_ConeMode.uasset" 3236
"../../Plugins/FX/Niagara/Content/Enums/Location/ENiagara_CylinderMode.uasset" 3237
"../../Plugins/FX/Niagara/Content/Enums/Location/ENiagara_LocationShapes.uasset" 3238
"../../Plugins/FX/Niagara/Content/Enums/Location/ENiagaraRingDiscMode.uasset" 3239
"../../Plugins/FX/Niagara/Content/Enums/Transforms/ENiagara_OffsetMode.uasset" 3240
"../../Plugins/FX/Niagara/Content/Enums/Transforms/ENiagara_ScaleMode.uasset" 3241
"../../Plugins/FX/Niagara/Content/Enums/Transforms/ENiagara_TransformOrder.uasset" 3242
"../../Plugins/FX/Niagara/Content/Enums/Transforms/ENiagara_TransformType.uasset" 3243
"../../Plugins/FX/Niagara/Content/Modules/Spawn/Velocity/AddVelocity.uasset" 3244
"../../Plugins/FX/Niagara/Content/Functions/V2/CalculateRandomUnitVector.uasset" 3245
"../../Plugins/FX/Niagara/Content/Functions/V2/DistanceBasedFalloff.uasset" 3246
"../../Plugins/FX/Niagara/Content/Functions/NormalizeDistanceRange.uasset" 3247
"../../Plugins/FX/Niagara/Content/Enums/Utility/ENiagara_VelocityMode.uasset" 3248
"../../Plugins/FX/Niagara/Content/Modules/System/SystemState.uasset" 3249
"../../Plugins/FX/Niagara/Content/Functions/System/SystemChangeState.uasset" 3250
"../../Plugins/FX/Niagara/Content/Enums/ENiagaraSystemInactiveMode.uasset" 3251
"../../Plugins/FX/Niagara/Content/Modules/Update/Color/Color.uasset" 3252
"../../Plugins/FX/Niagara/Content/Modules/Update/Color/ScaleColor.uasset" 3253
"../../Plugins/FX/Niagara/Content/Enums/ENiagaraScaleColorMode.uasset" 3254
"../../Plugins/FX/Niagara/Content/Modules/Update/Forces/Drag.uasset" 3255
"../../Plugins/FX/Niagara/Content/Modules/Update/Forces/GravityForce.uasset" 3256
"../../Plugins/FX/Niagara/Content/Modules/Update/Lifetime/ParticleState.uasset" 3257
"../../Plugins/FX/Niagara/Content/Icons/Modules/T_Icon_Particle_InfiniteLife.uasset" 3258
"../../Plugins/FX/Niagara/Content/Modules/Update/Size/ScaleSpriteSize.uasset" 3259
"../../Plugins/FX/Niagara/Content/Enums/SpriteRenderer/ENiagara_ScaleSpriteSize.uasset" 3260
"C:/Users/kbc12306133/AppData/Local/UnrealEngine/Common/DerivedDataCache/Buckets/BulkDataList/21/44/447181e9a31db267a7dc901229e4cd34204d.udd" 3261
"C:/Users/kbc12306133/AppData/Local/UnrealEngine/Common/DerivedDataCache/Buckets/BulkDataList/7f/6e/5f04c54e3df1814a1913d493287e780f23b6.udd" 3262
"C:/Users/kbc12306133/AppData/Local/UnrealEngine/Common/DerivedDataCache/Buckets/BulkDataList/65/60/e84775be1e8ef984211c4ce30b503f0a705f.udd" 3263
"C:/Users/kbc12306133/AppData/Local/UnrealEngine/Common/DerivedDataCache/Buckets/BulkDataList/c6/a0/7379f9a1f728c9f2a0e82f473bdc144df21e.udd" 3264
"C:/Users/kbc12306133/AppData/Local/UnrealEngine/Common/DerivedDataCache/Buckets/LegacyNiagaraScriptDerivedData/06/c1/9c363ba9705a5ebed013dc30eb768a10f920.udd" 3265
"C:/Users/kbc12306133/AppData/Local/UnrealEngine/Common/DerivedDataCache/Buckets/LegacyNiagaraScriptDerivedData/fc/39/c64b60b558086cbecf8e26b30054374387a3.udd" 3266
"C:/Users/kbc12306133/AppData/Local/UnrealEngine/Common/DerivedDataCache/Buckets/LegacyNiagaraScriptDerivedData/04/18/3c9f10fd00f0345c23d876e02ea73c2acb12.udd" 3267
"C:/Users/kbc12306133/AppData/Local/UnrealEngine/Common/DerivedDataCache/Buckets/LegacyNiagaraScriptDerivedData/72/c2/c216ac1072c10a4d475bc76e4a706c117496.udd" 3268
"C:/Project_T/Content/Characters/Mannequin_UE4/Materials/Layers/ML_SoftMetal.uasset" 3269
"C:/Users/kbc12306133/AppData/Local/UnrealEngine/Common/DerivedDataCache/Buckets/LegacyAnimSeq/1d/b5/641415a8a3d54a41710b8dd7ae3cffb11fd5.udd" 3270
"../../../Engine/Content/Functions/Engine_MaterialFunctions03/Blends/Blend_Overlay.uasset" 3271
"C:/Users/kbc12306133/AppData/Local/UnrealEngine/Common/DerivedDataCache/Buckets/LegacyAnimSeq/a5/75/e5dff05ca6e295b22b6e760d2e45d14c281b.udd" 3272
"../../../Engine/Content/Functions/Engine_MaterialFunctions01/ImageAdjustment/CheapContrast.uasset" 3273
"../../../Engine/Plugins/Interchange/Runtime/Content/gltf/MaterialFunctions/MF_TransmissionOpacity.uasset" 3274
"../../../Engine/Plugins/Interchange/Runtime/Content/gltf/MaterialFunctions/MF_RotateNormals_TS.uasset" 3275
"../../../Engine/Content/Maps/Entry.umap" 3276
"../../../Engine/Content/MapTemplates/SM_Template_Map_Floor.uasset" 3277
"C:/Users/kbc12306133/AppData/Local/UnrealEngine/Common/DerivedDataCache/Buckets/LegacySKELETALMESH/9b/17/0f1e65b57d7a9ebdf30168e2b82c1b058682.udd" 3278
"../../../Engine/Plugins/Animation/ControlRig/Content/Controls/ControlRig_Wedge_solid.uasset" 3279
"../../../Engine/Plugins/Animation/ControlRig/Content/Controls/ControlRig_Wedge_3mm.uasset" 3280
"C:/Users/kbc12306133/AppData/Local/UnrealEngine/Common/DerivedDataCache/Buckets/LegacyAnimSeq/14/25/084d21790c662e98f26b6c80d32c3e0258c8.udd" 3281
"C:/Users/kbc12306133/AppData/Local/UnrealEngine/Common/DerivedDataCache/Buckets/LegacyAnimSeq/bd/fe/975829b6b7733af55802579c91d5899a9b5d.udd" 3282
"../../../../../../Project_T/Content/ThirdPerson/slime/S_suraimu.uasset" 3283
"C:/Users/kbc12306133/AppData/Local/UnrealEngine/Common/DerivedDataCache/Buckets/LegacyAnimSeq/1e/4c/a55cf229cb10c0dcf6b7e1dbbe2939d096d8.udd" 3284
"../../../Engine/Plugins/Animation/ControlRig/Content/Controls/ControlRig_Wedge_1mm.uasset" 3285
"../../../Engine/Plugins/Animation/ControlRig/Content/Controls/ControlRig_Triangle_solid.uasset" 3286
"C:/Users/kbc12306133/AppData/Local/UnrealEngine/Common/DerivedDataCache/Buckets/StaticMesh/ac/18/6af74829f29cb04286fc02d6e0cb3fd3d4e2.udd" 3287
"../../../Engine/Plugins/Animation/ControlRig/Content/Controls/ControlRig_Triangle_3mm.uasset" 3288
"C:/Users/kbc12306133/AppData/Local/UnrealEngine/Common/DerivedDataCache/Buckets/LegacyDIST/07/2d/e44373b904578ca777cbe32aa696aedfa41a.udd" 3289
"C:/Users/kbc12306133/AppData/Local/UnrealEngine/Common/DerivedDataCache/Buckets/LegacyCARD/bc/13/97637f75fb918fc10ca2fb212796c4d9ecb8.udd" 3290
"C:/Users/kbc12306133/AppData/Local/UnrealEngine/Common/DerivedDataCache/Buckets/LegacyNavCollision/2e/bf/e9081f5233389691fc2b540bec365307ab70.udd" 3291
"../../../Engine/Plugins/Animation/ControlRig/Content/Controls/ControlRig_Triangle_1mm.uasset" 3292
"../../../Engine/Plugins/Animation/ControlRig/Content/Controls/ControlRig_Star4_solid.uasset" 3293
"../../../Engine/Plugins/Animation/ControlRig/Content/Controls/ControlRig_Star4_3mm.uasset" 3294
"../../../Engine/Plugins/Animation/ControlRig/Content/Controls/ControlRig_Star4_1mm.uasset" 3295
"../../../Engine/Plugins/Animation/ControlRig/Content/Controls/ControlRig_Square_solid.uasset" 3296
"../../../Engine/Plugins/Animation/ControlRig/Content/Controls/ControlRig_Square_3mm.uasset" 3297
"../../../Engine/Plugins/Animation/ControlRig/Content/Controls/ControlRig_Square_1mm.uasset" 3298
"../../../Engine/Plugins/Animation/ControlRig/Content/Controls/ControlRig_Sphere_3mm.uasset" 3299
"../../../../../../Project_T/Content/StarterContent/Shapes/Shape_Cube.uasset" 3300
"../../../Engine/Plugins/Animation/ControlRig/Content/Controls/ControlRig_Sphere_1mm.uasset" 3301
"../../../Engine/Plugins/Animation/ControlRig/Content/Controls/ControlRig_RoundedTriangle_solid.uasset" 3302
"../../../Engine/Plugins/Animation/ControlRig/Content/Controls/ControlRig_RoundedTriangle_3mm.uasset" 3303
"../../../Engine/Plugins/Animation/ControlRig/Content/Controls/ControlRig_RoundedTriangle_1mm.uasset" 3304
"../../../Engine/Plugins/Animation/ControlRig/Content/Controls/ControlRig_RoundedSquare_solid.uasset" 3305
"../../../Engine/Plugins/Animation/ControlRig/Content/Controls/ControlRig_RoundedSquare_3mm.uasset" 3306
"../../../Engine/Plugins/Animation/ControlRig/Content/Controls/ControlRig_RoundedSquare_1mm.uasset" 3307
"../../../Engine/Plugins/Animation/ControlRig/Content/Controls/ControlRig_QuarterCircle_solid.uasset" 3308
"../../../Engine/Plugins/Animation/ControlRig/Content/Controls/ControlRig_QuarterCircle_3mm.uasset" 3309
"../../../Engine/Plugins/Animation/ControlRig/Content/Controls/ControlRig_QuarterCircle_1mm.uasset" 3310
"../../../Engine/Plugins/Animation/ControlRig/Content/Controls/ControlRig_Pyramid_solid.uasset" 3311
"../../../Engine/Plugins/Animation/ControlRig/Content/Controls/ControlRig_Pyramid_3mm.uasset" 3312
"../../../Engine/Plugins/Animation/ControlRig/Content/Controls/ControlRig_Pyramid_1mm.uasset" 3313
"../../../Engine/Plugins/Animation/ControlRig/Content/Controls/ControlRig_Octagon_solid.uasset" 3314
"../../../Engine/Plugins/Animation/ControlRig/Content/Controls/ControlRig_Octagon_3mm.uasset" 3315
"../../../Engine/Plugins/Animation/ControlRig/Content/Controls/ControlRig_Octagon_1mm.uasset" 3316
"../../Plugins/Animation/ControlRig/Content/Controls/ControlRig_Wedge_solid.uasset" 3317
"../../Plugins/Animation/ControlRig/Content/Controls/ControlRig_Wedge_3mm.uasset" 3318
"../../Plugins/Animation/ControlRig/Content/Controls/ControlRig_Wedge_1mm.uasset" 3319
"../../Plugins/Animation/ControlRig/Content/Controls/ControlRig_Triangle_solid.uasset" 3320
"../../Plugins/Animation/ControlRig/Content/Controls/ControlRig_Triangle_3mm.uasset" 3321
"../../Plugins/Animation/ControlRig/Content/Controls/ControlRig_Triangle_1mm.uasset" 3322
"../../Plugins/Animation/ControlRig/Content/Controls/ControlRig_Star4_solid.uasset" 3323
"../../Plugins/Animation/ControlRig/Content/Controls/ControlRig_Star4_3mm.uasset" 3324
"../../Plugins/Animation/ControlRig/Content/Controls/ControlRig_Star4_1mm.uasset" 3325
"../../Plugins/Animation/ControlRig/Content/Controls/ControlRig_Square_solid.uasset" 3326
"../../Plugins/Animation/ControlRig/Content/Controls/ControlRig_Square_3mm.uasset" 3327
"../../Plugins/Animation/ControlRig/Content/Controls/ControlRig_Square_1mm.uasset" 3328
"../../Plugins/Animation/ControlRig/Content/Controls/ControlRig_Sphere_3mm.uasset" 3329
"../../Plugins/Animation/ControlRig/Content/Controls/ControlRig_Sphere_1mm.uasset" 3330
"../../../Engine/Plugins/Animation/ControlRig/Content/Controls/ControlRig_Hexagon_solid.uasset" 3331
"../../../Engine/Plugins/Animation/ControlRig/Content/Controls/ControlRig_Hexagon_3mm.uasset" 3332
"../../../Engine/Plugins/Animation/ControlRig/Content/Controls/ControlRig_Hexagon_1mm.uasset" 3333
"../../../Engine/Plugins/Animation/ControlRig/Content/Controls/ControlRig_HalfCircle_solid.uasset" 3334
"../../../Engine/Plugins/Animation/ControlRig/Content/Controls/ControlRig_HalfCircle_3mm.uasset" 3335
"../../../Engine/Plugins/Animation/ControlRig/Content/Controls/ControlRig_HalfCircle_1mm.uasset" 3336
"../../../Engine/Plugins/Animation/ControlRig/Content/Controls/ControlRig_Diamond_solid.uasset" 3337
"../../../Engine/Plugins/Animation/ControlRig/Content/Controls/ControlRig_Diamond_3mm.uasset" 3338
"../../../Engine/Plugins/Animation/ControlRig/Content/Controls/ControlRig_Diamond_1mm.uasset" 3339
"../../../Engine/Plugins/Animation/ControlRig/Content/Controls/ControlRig_Circle_solid.uasset" 3340
"../../../Engine/Plugins/Animation/ControlRig/Content/Controls/ControlRig_Circle_3mm.uasset" 3341
"../../../Engine/Plugins/Animation/ControlRig/Content/Controls/ControlRig_Circle_1mm.uasset" 3342
"../../../Engine/Plugins/Animation/ControlRig/Content/Controls/ControlRig_Box_solid.uasset" 3343
"../../../Engine/Plugins/Animation/ControlRig/Content/Controls/ControlRig_Box_3mm.uasset" 3344
"../../../Engine/Plugins/Animation/ControlRig/Content/Controls/ControlRig_Box_1mm.uasset" 3345
"../../../Engine/Plugins/Animation/ControlRig/Content/Controls/ControlRig_Arrow_solid.uasset" 3346
"../../Plugins/Animation/ControlRig/Content/Controls/ControlRig_RoundedTriangle_solid.uasset" 3347
"../../Plugins/Animation/ControlRig/Content/Controls/ControlRig_RoundedTriangle_3mm.uasset" 3348
"../../Plugins/Animation/ControlRig/Content/Controls/ControlRig_RoundedTriangle_1mm.uasset" 3349
"../../Plugins/Animation/ControlRig/Content/Controls/ControlRig_RoundedSquare_solid.uasset" 3350
"../../Plugins/Animation/ControlRig/Content/Controls/ControlRig_RoundedSquare_3mm.uasset" 3351
"../../Plugins/Animation/ControlRig/Content/Controls/ControlRig_RoundedSquare_1mm.uasset" 3352
"../../Plugins/Animation/ControlRig/Content/Controls/ControlRig_QuarterCircle_solid.uasset" 3353
"../../Plugins/Animation/ControlRig/Content/Controls/ControlRig_QuarterCircle_3mm.uasset" 3354
"../../Plugins/Animation/ControlRig/Content/Controls/ControlRig_QuarterCircle_1mm.uasset" 3355
"../../Plugins/Animation/ControlRig/Content/Controls/ControlRig_Pyramid_solid.uasset" 3356
"../../Plugins/Animation/ControlRig/Content/Controls/ControlRig_Pyramid_3mm.uasset" 3357
"../../Plugins/Animation/ControlRig/Content/Controls/ControlRig_Pyramid_1mm.uasset" 3358
"../../Plugins/Animation/ControlRig/Content/Controls/ControlRig_Octagon_solid.uasset" 3359
"../../Plugins/Animation/ControlRig/Content/Controls/ControlRig_Octagon_3mm.uasset" 3360
"../../Plugins/Animation/ControlRig/Content/Controls/ControlRig_Octagon_1mm.uasset" 3361
"../../Plugins/Animation/ControlRig/Content/Controls/ControlRig_Hexagon_solid.uasset" 3362
"../../../Engine/Plugins/Animation/ControlRig/Content/Controls/ControlRig_Arrow_3mm.uasset" 3363
"../../../Engine/Plugins/Animation/ControlRig/Content/Controls/ControlRig_Arrow_1mm.uasset" 3364
"../../../Engine/Plugins/Animation/ControlRig/Content/Controls/ControlRig_Arrow4_solid.uasset" 3365
"../../../Engine/Plugins/Animation/ControlRig/Content/Controls/ControlRig_Arrow4_3mm.uasset" 3366
"../../../Engine/Plugins/Animation/ControlRig/Content/Controls/ControlRig_Arrow4_1mm.uasset" 3367
"../../../Engine/Plugins/Animation/ControlRig/Content/Controls/ControlRig_Arrow2_solid.uasset" 3368
"../../../Engine/Plugins/Animation/ControlRig/Content/Controls/ControlRig_Arrow2_3mm.uasset" 3369
"../../../Engine/Plugins/Animation/ControlRig/Content/Controls/ControlRig_Arrow2_1mm.uasset" 3370
"../../../Engine/Plugins/Animation/ControlRig/Content/Controls/ControlRig_Sphere_solid.uasset" 3371
"C:/Project_T/Content/StarterContent/Props/MaterialSphere.uasset" 3372
"../../../Engine/Plugins/Interchange/Runtime/Content/gltf/MaterialFunctions/MF_Transmission.uasset" 3373
"../../../Engine/Plugins/Interchange/Runtime/Content/gltf/MaterialFunctions/MF_Specular.uasset" 3374
"../../../Engine/Plugins/Interchange/Runtime/Content/gltf/MaterialFunctions/MF_Sheen.uasset" 3375
"../../../Engine/Plugins/Interchange/Runtime/Content/gltf/MaterialFunctions/MF_Occlusion.uasset" 3376
"../../../Engine/Plugins/Interchange/Runtime/Content/gltf/MaterialFunctions/MF_MetallicRoughness.uasset" 3377
"../../../Engine/Plugins/Interchange/Runtime/Content/gltf/MaterialFunctions/MF_Emissive.uasset" 3378
"../../../Engine/Plugins/Interchange/Runtime/Content/gltf/MaterialFunctions/MF_DiffuseSpecGloss.uasset" 3379
"../../../Engine/Plugins/Interchange/Runtime/Content/gltf/MaterialFunctions/MF_BaseColor.uasset" 3380
"../../../Engine/Plugins/Importers/USDImporter/Content/Materials/UsdPreviewSurfaceVT.uasset" 3381
"../../../Engine/Plugins/Importers/USDImporter/Content/Materials/UsdPreviewSurface.uasset" 3382
"../../../Engine/Plugins/Importers/USDImporter/Content/Materials/DisplayColorAndOpacityDoubleSided.uasset" 3383
"../../../Engine/Plugins/Importers/USDImporter/Content/Materials/DisplayColorDoubleSided.uasset" 3384
"../../../Engine/Plugins/Interchange/Runtime/Content/Materials/PBRSurfaceFunction.uasset" 3385
"../../../Engine/Plugins/Interchange/Runtime/Content/Materials/LambertSurfaceMaterial.uasset" 3386
"../../../Engine/Plugins/Interchange/Runtime/Content/gltf/MaterialFunctions/MF_SpecGlossToMetalRoughness.uasset" 3387
"C:/Users/kbc12306133/AppData/Local/UnrealEngine/Common/DerivedDataCache/Buckets/StaticMesh/d2/aa/18d86a234788511b0aaf8d87ccb79a965e72.udd" 3388
"../../../Engine/Plugins/Interchange/Runtime/Content/Functions/MX_Transmission.uasset" 3389
"C:/Users/kbc12306133/AppData/Local/UnrealEngine/Common/DerivedDataCache/Buckets/LegacyDIST/ee/6d/c5b048b21cf14f6832eb4c1e5b2b5e078d24.udd" 3390
"C:/Users/kbc12306133/AppData/Local/UnrealEngine/Common/DerivedDataCache/Buckets/LegacyCARD/20/94/df5cfd3bf351ac7f3057b7197fa7d913ad0d.udd" 3391
"../../../Engine/Plugins/Interchange/Runtime/Content/Materials/OrenNayerMaterial.uasset" 3392
"C:/Users/kbc12306133/AppData/Local/UnrealEngine/Common/DerivedDataCache/Buckets/LegacyNavCollision/0b/b7/a740b515ae0650d46bc603376d0a01da1698.udd" 3393
"../../../Engine/Plugins/Interchange/Runtime/Content/Functions/MX_StandardSurface.uasset" 3394
"../../Plugins/Animation/ControlRig/Content/Controls/ControlRig_Hexagon_3mm.uasset" 3395
"../../Plugins/Animation/ControlRig/Content/Controls/ControlRig_Hexagon_1mm.uasset" 3396
"../../Plugins/Animation/ControlRig/Content/Controls/ControlRig_HalfCircle_solid.uasset" 3397
"../../Plugins/Animation/ControlRig/Content/Controls/ControlRig_HalfCircle_3mm.uasset" 3398
"../../Plugins/Animation/ControlRig/Content/Controls/ControlRig_HalfCircle_1mm.uasset" 3399
"../../Plugins/Animation/ControlRig/Content/Controls/ControlRig_Diamond_solid.uasset" 3400
"../../Plugins/Animation/ControlRig/Content/Controls/ControlRig_Diamond_3mm.uasset" 3401
"../../Plugins/Animation/ControlRig/Content/Controls/ControlRig_Diamond_1mm.uasset" 3402
"../../Plugins/Animation/ControlRig/Content/Controls/ControlRig_Circle_solid.uasset" 3403
"../../Plugins/Animation/ControlRig/Content/Controls/ControlRig_Circle_3mm.uasset" 3404
"../../Plugins/Animation/ControlRig/Content/Controls/ControlRig_Circle_1mm.uasset" 3405
"../../Plugins/Animation/ControlRig/Content/Controls/ControlRig_Box_solid.uasset" 3406
"../../Plugins/Animation/ControlRig/Content/Controls/ControlRig_Box_3mm.uasset" 3407
"../../Plugins/Animation/ControlRig/Content/Controls/ControlRig_Box_1mm.uasset" 3408
"../../Plugins/Animation/ControlRig/Content/Controls/ControlRig_Arrow_solid.uasset" 3409
"../../Plugins/Animation/ControlRig/Content/Controls/ControlRig_Arrow_3mm.uasset" 3410
"../../Plugins/Animation/ControlRig/Content/Controls/ControlRig_Arrow_1mm.uasset" 3411
"../../Plugins/Animation/ControlRig/Content/Controls/ControlRig_Arrow4_solid.uasset" 3412
"../../Plugins/Animation/ControlRig/Content/Controls/ControlRig_Arrow4_3mm.uasset" 3413
"../../Plugins/Animation/ControlRig/Content/Controls/ControlRig_Arrow4_1mm.uasset" 3414
"../../Plugins/Animation/ControlRig/Content/Controls/ControlRig_Arrow2_solid.uasset" 3415
"../../Plugins/Animation/ControlRig/Content/Controls/ControlRig_Arrow2_3mm.uasset" 3416
"../../Plugins/Animation/ControlRig/Content/Controls/ControlRig_Arrow2_1mm.uasset" 3417
"../../Plugins/Animation/ControlRig/Content/Controls/ControlRig_Sphere_solid.uasset" 3418
"../../../../../../Project_T/Content/StarterContent/Props/MaterialSphere.uasset" 3419
"C:/Project_T/Content/SlimeAnimation/AM_Attack2.uasset" 3420
"C:/Project_T/Content/SlimeAnimation/AM_JumpDown.uasset" 3421
"C:/Project_T/Content/SlimeAnimation/AM_JumpUp.uasset" 3422
"C:/Project_T/Content/SlimeAnimation/BS_SlimeMove.uasset" 3423
"C:/Project_T/Content/ThirdPerson/Blueprints/BP_titleslime.uasset" 3424
"C:/Project_T/Content/ThirdPerson/Blueprints/BP_titleslime_2.uasset" 3425
"C:/Project_T/Content/ThirdPerson/Blueprints/BP_titleslime_3.uasset" 3426
"C:/Project_T/Content/UI/WBP_Result2.uasset" 3427
"C:/Project_T/Content/UI/WBP_End.uasset" 3428
"C:/Project_T/Content/UI/WBP_Result.uasset" 3429
"C:/Project_T/Content/LP_sci_fi_island/Meshes/Interiors/SM_interiors_island_Billboard_3.uasset" 3430
"C:/Project_T/Content/LP_sci_fi_island/Meshes/Interiors/SM_interiors_island_Billboard_1.uasset" 3431
"C:/Project_T/Content/LP_sci_fi_island/Meshes/Sci_fi_island/LP_sci_fi_island/Island/SM_interiors_Billboard_2.uasset" 3432
"../../../Engine/Content/EngineSky/SM_SkySphere.uasset" 3433
"C:/Project_T/Content/Characters/Mannequin_UE4/Materials/M_MannequinUE4_Body.uasset" 3434
"../../../Engine/Content/OpenWorldTemplate/LandscapeMaterial/MF_ProcGrid.uasset" 3435
"../../../Engine/Plugins/Interchange/Runtime/Content/gltf/MaterialFunctions/MF_Normals.uasset" 3436
"../../../Engine/Plugins/Interchange/Runtime/Content/gltf/MaterialFunctions/MF_Clearcoat.uasset" 3437
"C:/Project_T/Content/Actor/Item/AttackItem/BP_Cyclone.uasset" 3438
"../../../Engine/Plugins/Interchange/Runtime/Content/gltf/M_Unlit.uasset" 3439
"../../../Engine/Plugins/Importers/USDImporter/Content/Materials/UsdPreviewSurfaceTranslucentVT.uasset" 3440
"../../../Engine/Plugins/Importers/USDImporter/Content/Materials/UsdPreviewSurfaceTranslucent.uasset" 3441
"../../../Engine/Plugins/Interchange/Runtime/Content/Materials/ThinTranslucentMaterial.uasset" 3442
"../../../Engine/Plugins/Interchange/Runtime/Content/Materials/SubsurfaceMaterial.uasset" 3443
"../../../Engine/Plugins/Interchange/Runtime/Content/Materials/SheenMaterial.uasset" 3444
"../../../Engine/Plugins/Interchange/Runtime/Content/Materials/PBRSurfaceMaterial.uasset" 3445
"C:/Users/kbc12306133/AppData/Local/UnrealEngine/Common/DerivedDataCache/Buckets/StaticMesh/ae/f6/567752671d69df4bdb2a1ccd82c6ba3be0c6.udd" 3446
"../../../Engine/Plugins/Interchange/Runtime/Content/Materials/ClearCoatMaterial.uasset" 3447
"C:/Users/kbc12306133/AppData/Local/UnrealEngine/Common/DerivedDataCache/Buckets/LegacyDIST/e9/2f/19cc4df86157c46bd710fa35bbbaaa7e1804.udd" 3448
"C:/Users/kbc12306133/AppData/Local/UnrealEngine/Common/DerivedDataCache/Buckets/StaticMesh/d5/96/5b833a3d6d3c331ddb7e2674109253ebe6d0.udd" 3449
"../../../Engine/Plugins/Interchange/Runtime/Content/Functions/MX_TransmissionSurface.uasset" 3450
"C:/Users/kbc12306133/AppData/Local/UnrealEngine/Common/DerivedDataCache/Buckets/LegacyCARD/70/8b/9b2ca5bdc18838dbba7cfdf1d6813d3ac7bc.udd" 3451
"C:/Users/kbc12306133/AppData/Local/UnrealEngine/Common/DerivedDataCache/Buckets/LegacyDIST/5a/1f/2c191eb1533dbc599b29507eab57bfd54729.udd" 3452
"../../../../../../Project_T/Content/LP_sci_fi_island/Meshes/Sci_fi_island/SM_sci_fi_island.uasset" 3453
"C:/Users/kbc12306133/AppData/Local/UnrealEngine/Common/DerivedDataCache/Buckets/LegacyCARD/07/53/e6583cce2eee48b2d9f3145227cae3ddc82f.udd" 3454
"C:/Users/kbc12306133/AppData/Local/UnrealEngine/Common/DerivedDataCache/Buckets/LegacyNavCollision/16/18/7a88fe82705be77e13b4f9ef0666a5786862.udd" 3455
"C:/Users/kbc12306133/AppData/Local/UnrealEngine/Common/DerivedDataCache/Buckets/LegacyNavCollision/7f/93/2b1bb475f44aa34f97deb9e07e41d3c06fc7.udd" 3456
"C:/Users/kbc12306133/AppData/Local/UnrealEngine/Common/DerivedDataCache/Buckets/StaticMesh/7b/2c/808ed30e6abc07840f7592156589b71a067e.udd" 3457
"C:/Project_T/Content/SlimeAnimation/ABP_Slime.uasset" 3458
"C:/Users/kbc12306133/AppData/Local/UnrealEngine/Common/DerivedDataCache/Buckets/LegacyDIST/fd/cf/eb6f040dfdc5b9e358eaa9735ccda48eacd9.udd" 3459
"C:/Project_T/Content/Actor/BP_ResultTV.uasset" 3460
"C:/Users/kbc12306133/AppData/Local/UnrealEngine/Common/DerivedDataCache/Buckets/LegacyCARD/01/00/91cc29992dcc78613cb2e0640782ad9978fe.udd" 3461
"C:/Project_T/Content/Map/TitleMap.umap" 3462
"C:/Users/kbc12306133/AppData/Local/UnrealEngine/Common/DerivedDataCache/Buckets/LegacyNavCollision/63/b6/697a60ca2193cb191e3ea7fe2e90b539e04a.udd" 3463
"C:/Project_T/Content/Characters/Mannequin_UE4/Materials/M_MannequinUE4_ChestLogo.uasset" 3464
"../../../../../../Project_T/Content/LP_sci_fi_island/Meshes/Interiors/SM_interiors_island_Billboard_3.uasset" 3465
"../../../../../../Project_T/Content/LP_sci_fi_island/Meshes/Interiors/SM_interiors_island_Billboard_1.uasset" 3466
"../../../../../../Project_T/Content/LP_sci_fi_island/Meshes/Sci_fi_island/LP_sci_fi_island/Island/SM_interiors_Billboard_2.uasset" 3467
"../../../Engine/Content/OpenWorldTemplate/LandscapeMaterial/M_ProcGrid.uasset" 3468
"../../../Engine/Plugins/Interchange/Runtime/Content/gltf/M_Transmission.uasset" 3469
"../../../Engine/Plugins/Interchange/Runtime/Content/gltf/M_Sheen.uasset" 3470
"../../../Engine/Plugins/Interchange/Runtime/Content/gltf/M_Translucent.uasset" 3471
"../../../Engine/Plugins/Interchange/Runtime/Content/gltf/M_Opaque.uasset" 3472
"../../../Engine/Plugins/Interchange/Runtime/Content/gltf/MaterialInstances_MR/MI_Opaque_Unlit_TS.uasset" 3473
"../../../Engine/Plugins/Interchange/Runtime/Content/gltf/MaterialInstances_MR/MI_Opaque_Unlit.uasset" 3474
"C:/Project_T/Content/Characters/Mannequin_UE4/Meshes/SK_Mannequin.uasset" 3475
"../../../Engine/Content/OpenWorldTemplate/LandscapeMaterial/MI_ProcGrid.uasset" 3476
"../../../Engine/Plugins/Interchange/Runtime/Content/gltf/MaterialInstances_MR/MI_Transmission_TS.uasset" 3477
"../../../Engine/Plugins/Interchange/Runtime/Content/gltf/MaterialInstances_MR/MI_Transmission.uasset" 3478
"../../../Engine/Plugins/Interchange/Runtime/Content/gltf/MaterialInstances_SG/MI_Transmission_TS.uasset" 3479
"../../../Engine/Plugins/Interchange/Runtime/Content/gltf/MaterialInstances_SG/MI_Transmission.uasset" 3480
"../../../Engine/Plugins/Interchange/Runtime/Content/gltf/MaterialInstances_MR/MI_Opaque_Sheen_TS.uasset" 3481
"../../../../../../Project_T/Content/Map/TitleMap.umap" 3482
"../../../Engine/Plugins/Interchange/Runtime/Content/gltf/MaterialInstances_MR/MI_Opaque_Sheen.uasset" 3483
"../../../Engine/Plugins/Interchange/Runtime/Content/gltf/MaterialInstances_SG/MI_Opaque_Sheen_TS.uasset" 3484
"../../../Engine/Plugins/Interchange/Runtime/Content/gltf/MaterialInstances_SG/MI_Opaque_Sheen.uasset" 3485
"../../../Engine/Plugins/Interchange/Runtime/Content/gltf/MaterialInstances_MR/MI_Translucent_TS.uasset" 3486
"../../../Engine/Plugins/Interchange/Runtime/Content/gltf/MaterialInstances_MR/MI_Translucent_ClearCoat_TS.uasset" 3487
"../../../Engine/Plugins/Interchange/Runtime/Content/gltf/MaterialInstances_MR/MI_Translucent_ClearCoat.uasset" 3488
"../../../Engine/Plugins/Interchange/Runtime/Content/gltf/MaterialInstances_MR/MI_Translucent.uasset" 3489
"../../../Engine/Plugins/Interchange/Runtime/Content/gltf/MaterialInstances_SG/MI_Translucent_TS.uasset" 3490
"../../../Engine/Plugins/Interchange/Runtime/Content/gltf/MaterialInstances_SG/MI_Translucent_ClearCoat_TS.uasset" 3491
"../../../Engine/Plugins/Interchange/Runtime/Content/gltf/MaterialInstances_SG/MI_Translucent_ClearCoat.uasset" 3492
"../../../Engine/Plugins/Interchange/Runtime/Content/gltf/MaterialInstances_SG/MI_Translucent.uasset" 3493
"../../../Engine/Plugins/Interchange/Runtime/Content/gltf/MaterialInstances_MR/MI_Opaque_TS.uasset" 3494
"../../../Engine/Plugins/Interchange/Runtime/Content/gltf/MaterialInstances_MR/MI_Opaque_ClearCoat_TS.uasset" 3495
"C:/Users/kbc12306133/AppData/Local/UnrealEngine/Common/DerivedDataCache/Buckets/LegacySKELETALMESH/05/95/ceb56dd8e2bc9770ae03a7e8ac2d8c4fe4bb.udd" 3496
"../../../Engine/Plugins/Interchange/Runtime/Content/gltf/MaterialInstances_MR/MI_Opaque_ClearCoat.uasset" 3497
"C:/Users/kbc12306133/AppData/Local/UnrealEngine/Common/DerivedDataCache/Content/84/27/45375eed4fad6db9a5e62f1fd65747418a3d.udd" 3498
"../../../Engine/Plugins/Interchange/Runtime/Content/gltf/MaterialInstances_MR/MI_Opaque.uasset" 3499
"../../../Engine/Content/EditorResources/EmptyActor.uasset" 3500
"C:/Users/kbc12306133/AppData/Local/UnrealEngine/Common/DerivedDataCache/Buckets/BulkDataList/7b/f3/b1e4c96a1eaec7a3bd8a25f3bf52ece15307.udd" 3501
"../../../../../../Project_T/Content/Characters/Mannequin_UE4/Meshes/SK_Mannequin.uasset" 3502
"../../../Engine/Plugins/Interchange/Runtime/Content/gltf/MaterialInstances_SG/MI_Opaque_TS.uasset" 3503
"../../../Engine/Plugins/Interchange/Runtime/Content/gltf/MaterialInstances_SG/MI_Opaque_ClearCoat_TS.uasset" 3504
"../../../Engine/Plugins/Interchange/Runtime/Content/gltf/MaterialInstances_SG/MI_Opaque_ClearCoat.uasset" 3505
"../../../Engine/Plugins/Interchange/Runtime/Content/gltf/MaterialInstances_SG/MI_Opaque.uasset" 3506
"../../../Engine/Content/EngineSounds/Submixes/MasterEQSubmixDefault.uasset" 3507
"../../../Engine/Content/EngineSounds/Submixes/MasterSubmixDefault.uasset" 3508
"../../../Engine/Content/EngineSounds/Submixes/MasterReverbSubmixDefault.uasset" 3509
"C:/Project_T/Content/ThirdPerson/Blueprints/BP_ThirdPersonCharacter.uasset" 3510
"C:/Project_T/Content/ThirdPerson/Blueprints/BP_PlayerState.uasset" 3511
"C:/Project_T/Content/UI/WBP_GameMain.uasset" 3512
"C:/Project_T/Content/Map/TileTest/BP_GameState_TileTest.uasset" 3513
"C:/Project_T/Content/ThirdPerson/Blueprints/BP_PlayerController.uasset" 3514
"C:/Project_T/Content/ThirdPerson/Blueprints/BP_GameMode_Lobby.uasset" 3515
"C:/Project_T/Content/UI/WBP_Lobby.uasset" 3516
"C:/Project_T/Content/Map/ResultLevel.umap" 3517
"C:/Project_T/Content/Actor/Item/AttackItem/BP_Item_Cyclone.uasset" 3518
"C:/Project_T/Content/Actor/Item/BP_BigItem.uasset" 3519
"C:/Project_T/Content/Actor/BP_ColorTile.uasset" 3520
"C:/Project_T/Content/ThirdPerson/Blueprints/BP_ThirdPersonGameMode.uasset" 3521
"C:/Project_T/Content/UI/WBP_Title.uasset" 3522
"C:/Project_T/Content/Map/LobbyLevel.umap" 3523
"C:/Project_T/Content/Map/StartLevel.umap" 3524
"C:/Project_T/Content/Map/TileTest/TileTest.umap" 3525
"../../../../../../Project_T/Content/UI/WBP_GameMain.uasset" 3526
"../../../../../../Project_T/Content/Map/TileTest/BP_GameState_TileTest.uasset" 3527
"../../../../../../Project_T/Content/ThirdPerson/Blueprints/BP_PlayerController.uasset" 3528
"../../../../../../Project_T/Content/ThirdPerson/Blueprints/BP_GameMode_Lobby.uasset" 3529
"../../../../../../Project_T/Content/UI/WBP_Lobby.uasset" 3530
"../../../../../../Project_T/Content/Map/ResultLevel.umap" 3531
"../../../../../../Project_T/Content/Map/LobbyLevel.umap" 3532
"../../../../../../Project_T/Content/Map/TileTest/TileTest.umap" 3533
"../../../../../../Project_T/Content/Map/StartLevel.umap" 3534
"C:/Users/kbc12306133/AppData/Local/UnrealEngine/Common/DerivedDataCache/Buckets/MaterialShaderMap/8c/d8/e4c752925c334c102c9bf75019d68784174b.udd" 3535
